[2025-03-23 14:20:34] local.ERROR: SQLSTATE[HY000] [2002] No se puede establecer una conexión ya que el equipo de destino denegó expresamente dicha conexión (SQL: select * from information_schema.tables where table_schema = crud_query_laravel and table_name = migrations and table_type = 'BASE TABLE') {"exception":"[object] (Illuminate\\Database\\QueryException(code: 2002): SQLSTATE[HY000] [2002] No se puede establecer una conexión ya que el equipo de destino denegó expresamente dicha conexión (SQL: select * from information_schema.tables where table_schema = crud_query_laravel and table_name = migrations and table_type = 'BASE TABLE') at C:\\xampp\\htdocs\\exercicis MP07\\UF3\\MP07_S4_UF3_PRAC\\exercici 2\\CrudQueryBuilder\\vendor\\laravel\\framework\\src\\Illuminate\\Database\\Connection.php:760)
[stacktrace]
#0 C:\\xampp\\htdocs\\exercicis MP07\\UF3\\MP07_S4_UF3_PRAC\\exercici 2\\CrudQueryBuilder\\vendor\\laravel\\framework\\src\\Illuminate\\Database\\Connection.php(720): Illuminate\\Database\\Connection->runQueryCallback('select * from i...', Array, Object(Closure))
#1 C:\\xampp\\htdocs\\exercicis MP07\\UF3\\MP07_S4_UF3_PRAC\\exercici 2\\CrudQueryBuilder\\vendor\\laravel\\framework\\src\\Illuminate\\Database\\Connection.php(422): Illuminate\\Database\\Connection->run('select * from i...', Array, Object(Closure))
#2 C:\\xampp\\htdocs\\exercicis MP07\\UF3\\MP07_S4_UF3_PRAC\\exercici 2\\CrudQueryBuilder\\vendor\\laravel\\framework\\src\\Illuminate\\Database\\Connection.php(392): Illuminate\\Database\\Connection->select('select * from i...', Array, false)
#3 C:\\xampp\\htdocs\\exercicis MP07\\UF3\\MP07_S4_UF3_PRAC\\exercici 2\\CrudQueryBuilder\\vendor\\laravel\\framework\\src\\Illuminate\\Database\\Schema\\MySqlBuilder.php(44): Illuminate\\Database\\Connection->selectFromWriteConnection('select * from i...', Array)
#4 C:\\xampp\\htdocs\\exercicis MP07\\UF3\\MP07_S4_UF3_PRAC\\exercici 2\\CrudQueryBuilder\\vendor\\laravel\\framework\\src\\Illuminate\\Database\\Migrations\\DatabaseMigrationRepository.php(169): Illuminate\\Database\\Schema\\MySqlBuilder->hasTable('migrations')
#5 C:\\xampp\\htdocs\\exercicis MP07\\UF3\\MP07_S4_UF3_PRAC\\exercici 2\\CrudQueryBuilder\\vendor\\laravel\\framework\\src\\Illuminate\\Database\\Migrations\\Migrator.php(722): Illuminate\\Database\\Migrations\\DatabaseMigrationRepository->repositoryExists()
#6 C:\\xampp\\htdocs\\exercicis MP07\\UF3\\MP07_S4_UF3_PRAC\\exercici 2\\CrudQueryBuilder\\vendor\\laravel\\framework\\src\\Illuminate\\Database\\Console\\Migrations\\MigrateCommand.php(138): Illuminate\\Database\\Migrations\\Migrator->repositoryExists()
#7 C:\\xampp\\htdocs\\exercicis MP07\\UF3\\MP07_S4_UF3_PRAC\\exercici 2\\CrudQueryBuilder\\vendor\\laravel\\framework\\src\\Illuminate\\Support\\helpers.php(260): Illuminate\\Database\\Console\\Migrations\\MigrateCommand->Illuminate\\Database\\Console\\Migrations\\{closure}(1)
#8 C:\\xampp\\htdocs\\exercicis MP07\\UF3\\MP07_S4_UF3_PRAC\\exercici 2\\CrudQueryBuilder\\vendor\\laravel\\framework\\src\\Illuminate\\Database\\Console\\Migrations\\MigrateCommand.php(157): retry(1, Object(Closure), 0, Object(Closure))
#9 C:\\xampp\\htdocs\\exercicis MP07\\UF3\\MP07_S4_UF3_PRAC\\exercici 2\\CrudQueryBuilder\\vendor\\laravel\\framework\\src\\Illuminate\\Database\\Console\\Migrations\\MigrateCommand.php(114): Illuminate\\Database\\Console\\Migrations\\MigrateCommand->repositoryExists()
#10 C:\\xampp\\htdocs\\exercicis MP07\\UF3\\MP07_S4_UF3_PRAC\\exercici 2\\CrudQueryBuilder\\vendor\\laravel\\framework\\src\\Illuminate\\Database\\Console\\Migrations\\MigrateCommand.php(82): Illuminate\\Database\\Console\\Migrations\\MigrateCommand->prepareDatabase()
#11 C:\\xampp\\htdocs\\exercicis MP07\\UF3\\MP07_S4_UF3_PRAC\\exercici 2\\CrudQueryBuilder\\vendor\\laravel\\framework\\src\\Illuminate\\Database\\Migrations\\Migrator.php(636): Illuminate\\Database\\Console\\Migrations\\MigrateCommand->Illuminate\\Database\\Console\\Migrations\\{closure}()
#12 C:\\xampp\\htdocs\\exercicis MP07\\UF3\\MP07_S4_UF3_PRAC\\exercici 2\\CrudQueryBuilder\\vendor\\laravel\\framework\\src\\Illuminate\\Database\\Console\\Migrations\\MigrateCommand.php(102): Illuminate\\Database\\Migrations\\Migrator->usingConnection(NULL, Object(Closure))
#13 C:\\xampp\\htdocs\\exercicis MP07\\UF3\\MP07_S4_UF3_PRAC\\exercici 2\\CrudQueryBuilder\\vendor\\laravel\\framework\\src\\Illuminate\\Container\\BoundMethod.php(36): Illuminate\\Database\\Console\\Migrations\\MigrateCommand->handle()
#14 C:\\xampp\\htdocs\\exercicis MP07\\UF3\\MP07_S4_UF3_PRAC\\exercici 2\\CrudQueryBuilder\\vendor\\laravel\\framework\\src\\Illuminate\\Container\\Util.php(41): Illuminate\\Container\\BoundMethod::Illuminate\\Container\\{closure}()
#15 C:\\xampp\\htdocs\\exercicis MP07\\UF3\\MP07_S4_UF3_PRAC\\exercici 2\\CrudQueryBuilder\\vendor\\laravel\\framework\\src\\Illuminate\\Container\\BoundMethod.php(93): Illuminate\\Container\\Util::unwrapIfClosure(Object(Closure))
#16 C:\\xampp\\htdocs\\exercicis MP07\\UF3\\MP07_S4_UF3_PRAC\\exercici 2\\CrudQueryBuilder\\vendor\\laravel\\framework\\src\\Illuminate\\Container\\BoundMethod.php(37): Illuminate\\Container\\BoundMethod::callBoundMethod(Object(Illuminate\\Foundation\\Application), Array, Object(Closure))
#17 C:\\xampp\\htdocs\\exercicis MP07\\UF3\\MP07_S4_UF3_PRAC\\exercici 2\\CrudQueryBuilder\\vendor\\laravel\\framework\\src\\Illuminate\\Container\\Container.php(661): Illuminate\\Container\\BoundMethod::call(Object(Illuminate\\Foundation\\Application), Array, Array, NULL)
#18 C:\\xampp\\htdocs\\exercicis MP07\\UF3\\MP07_S4_UF3_PRAC\\exercici 2\\CrudQueryBuilder\\vendor\\laravel\\framework\\src\\Illuminate\\Console\\Command.php(183): Illuminate\\Container\\Container->call(Array)
#19 C:\\xampp\\htdocs\\exercicis MP07\\UF3\\MP07_S4_UF3_PRAC\\exercici 2\\CrudQueryBuilder\\vendor\\symfony\\console\\Command\\Command.php(291): Illuminate\\Console\\Command->execute(Object(Symfony\\Component\\Console\\Input\\ArgvInput), Object(Illuminate\\Console\\OutputStyle))
#20 C:\\xampp\\htdocs\\exercicis MP07\\UF3\\MP07_S4_UF3_PRAC\\exercici 2\\CrudQueryBuilder\\vendor\\laravel\\framework\\src\\Illuminate\\Console\\Command.php(153): Symfony\\Component\\Console\\Command\\Command->run(Object(Symfony\\Component\\Console\\Input\\ArgvInput), Object(Illuminate\\Console\\OutputStyle))
#21 C:\\xampp\\htdocs\\exercicis MP07\\UF3\\MP07_S4_UF3_PRAC\\exercici 2\\CrudQueryBuilder\\vendor\\symfony\\console\\Application.php(1014): Illuminate\\Console\\Command->run(Object(Symfony\\Component\\Console\\Input\\ArgvInput), Object(Symfony\\Component\\Console\\Output\\ConsoleOutput))
#22 C:\\xampp\\htdocs\\exercicis MP07\\UF3\\MP07_S4_UF3_PRAC\\exercici 2\\CrudQueryBuilder\\vendor\\symfony\\console\\Application.php(301): Symfony\\Component\\Console\\Application->doRunCommand(Object(Illuminate\\Database\\Console\\Migrations\\MigrateCommand), Object(Symfony\\Component\\Console\\Input\\ArgvInput), Object(Symfony\\Component\\Console\\Output\\ConsoleOutput))
#23 C:\\xampp\\htdocs\\exercicis MP07\\UF3\\MP07_S4_UF3_PRAC\\exercici 2\\CrudQueryBuilder\\vendor\\symfony\\console\\Application.php(171): Symfony\\Component\\Console\\Application->doRun(Object(Symfony\\Component\\Console\\Input\\ArgvInput), Object(Symfony\\Component\\Console\\Output\\ConsoleOutput))
#24 C:\\xampp\\htdocs\\exercicis MP07\\UF3\\MP07_S4_UF3_PRAC\\exercici 2\\CrudQueryBuilder\\vendor\\laravel\\framework\\src\\Illuminate\\Console\\Application.php(102): Symfony\\Component\\Console\\Application->run(Object(Symfony\\Component\\Console\\Input\\ArgvInput), Object(Symfony\\Component\\Console\\Output\\ConsoleOutput))
#25 C:\\xampp\\htdocs\\exercicis MP07\\UF3\\MP07_S4_UF3_PRAC\\exercici 2\\CrudQueryBuilder\\vendor\\laravel\\framework\\src\\Illuminate\\Foundation\\Console\\Kernel.php(155): Illuminate\\Console\\Application->run(Object(Symfony\\Component\\Console\\Input\\ArgvInput), Object(Symfony\\Component\\Console\\Output\\ConsoleOutput))
#26 C:\\xampp\\htdocs\\exercicis MP07\\UF3\\MP07_S4_UF3_PRAC\\exercici 2\\CrudQueryBuilder\\artisan(37): Illuminate\\Foundation\\Console\\Kernel->handle(Object(Symfony\\Component\\Console\\Input\\ArgvInput), Object(Symfony\\Component\\Console\\Output\\ConsoleOutput))
#27 {main}

[previous exception] [object] (PDOException(code: 2002): SQLSTATE[HY000] [2002] No se puede establecer una conexión ya que el equipo de destino denegó expresamente dicha conexión at C:\\xampp\\htdocs\\exercicis MP07\\UF3\\MP07_S4_UF3_PRAC\\exercici 2\\CrudQueryBuilder\\vendor\\laravel\\framework\\src\\Illuminate\\Database\\Connectors\\Connector.php:70)
[stacktrace]
#0 C:\\xampp\\htdocs\\exercicis MP07\\UF3\\MP07_S4_UF3_PRAC\\exercici 2\\CrudQueryBuilder\\vendor\\laravel\\framework\\src\\Illuminate\\Database\\Connectors\\Connector.php(70): PDO->__construct('mysql:host=127....', 'root', '', Array)
#1 C:\\xampp\\htdocs\\exercicis MP07\\UF3\\MP07_S4_UF3_PRAC\\exercici 2\\CrudQueryBuilder\\vendor\\laravel\\framework\\src\\Illuminate\\Database\\Connectors\\Connector.php(46): Illuminate\\Database\\Connectors\\Connector->createPdoConnection('mysql:host=127....', 'root', '', Array)
#2 C:\\xampp\\htdocs\\exercicis MP07\\UF3\\MP07_S4_UF3_PRAC\\exercici 2\\CrudQueryBuilder\\vendor\\laravel\\framework\\src\\Illuminate\\Database\\Connectors\\MySqlConnector.php(24): Illuminate\\Database\\Connectors\\Connector->createConnection('mysql:host=127....', Array, Array)
#3 C:\\xampp\\htdocs\\exercicis MP07\\UF3\\MP07_S4_UF3_PRAC\\exercici 2\\CrudQueryBuilder\\vendor\\laravel\\framework\\src\\Illuminate\\Database\\Connectors\\ConnectionFactory.php(184): Illuminate\\Database\\Connectors\\MySqlConnector->connect(Array)
#4 [internal function]: Illuminate\\Database\\Connectors\\ConnectionFactory->Illuminate\\Database\\Connectors\\{closure}()
#5 C:\\xampp\\htdocs\\exercicis MP07\\UF3\\MP07_S4_UF3_PRAC\\exercici 2\\CrudQueryBuilder\\vendor\\laravel\\framework\\src\\Illuminate\\Database\\Connection.php(1181): call_user_func(Object(Closure))
#6 C:\\xampp\\htdocs\\exercicis MP07\\UF3\\MP07_S4_UF3_PRAC\\exercici 2\\CrudQueryBuilder\\vendor\\laravel\\framework\\src\\Illuminate\\Database\\Connection.php(486): Illuminate\\Database\\Connection->getPdo()
#7 C:\\xampp\\htdocs\\exercicis MP07\\UF3\\MP07_S4_UF3_PRAC\\exercici 2\\CrudQueryBuilder\\vendor\\laravel\\framework\\src\\Illuminate\\Database\\Connection.php(414): Illuminate\\Database\\Connection->getPdoForSelect(false)
#8 C:\\xampp\\htdocs\\exercicis MP07\\UF3\\MP07_S4_UF3_PRAC\\exercici 2\\CrudQueryBuilder\\vendor\\laravel\\framework\\src\\Illuminate\\Database\\Connection.php(753): Illuminate\\Database\\Connection->Illuminate\\Database\\{closure}('select * from i...', Array)
#9 C:\\xampp\\htdocs\\exercicis MP07\\UF3\\MP07_S4_UF3_PRAC\\exercici 2\\CrudQueryBuilder\\vendor\\laravel\\framework\\src\\Illuminate\\Database\\Connection.php(720): Illuminate\\Database\\Connection->runQueryCallback('select * from i...', Array, Object(Closure))
#10 C:\\xampp\\htdocs\\exercicis MP07\\UF3\\MP07_S4_UF3_PRAC\\exercici 2\\CrudQueryBuilder\\vendor\\laravel\\framework\\src\\Illuminate\\Database\\Connection.php(422): Illuminate\\Database\\Connection->run('select * from i...', Array, Object(Closure))
#11 C:\\xampp\\htdocs\\exercicis MP07\\UF3\\MP07_S4_UF3_PRAC\\exercici 2\\CrudQueryBuilder\\vendor\\laravel\\framework\\src\\Illuminate\\Database\\Connection.php(392): Illuminate\\Database\\Connection->select('select * from i...', Array, false)
#12 C:\\xampp\\htdocs\\exercicis MP07\\UF3\\MP07_S4_UF3_PRAC\\exercici 2\\CrudQueryBuilder\\vendor\\laravel\\framework\\src\\Illuminate\\Database\\Schema\\MySqlBuilder.php(44): Illuminate\\Database\\Connection->selectFromWriteConnection('select * from i...', Array)
#13 C:\\xampp\\htdocs\\exercicis MP07\\UF3\\MP07_S4_UF3_PRAC\\exercici 2\\CrudQueryBuilder\\vendor\\laravel\\framework\\src\\Illuminate\\Database\\Migrations\\DatabaseMigrationRepository.php(169): Illuminate\\Database\\Schema\\MySqlBuilder->hasTable('migrations')
#14 C:\\xampp\\htdocs\\exercicis MP07\\UF3\\MP07_S4_UF3_PRAC\\exercici 2\\CrudQueryBuilder\\vendor\\laravel\\framework\\src\\Illuminate\\Database\\Migrations\\Migrator.php(722): Illuminate\\Database\\Migrations\\DatabaseMigrationRepository->repositoryExists()
#15 C:\\xampp\\htdocs\\exercicis MP07\\UF3\\MP07_S4_UF3_PRAC\\exercici 2\\CrudQueryBuilder\\vendor\\laravel\\framework\\src\\Illuminate\\Database\\Console\\Migrations\\MigrateCommand.php(138): Illuminate\\Database\\Migrations\\Migrator->repositoryExists()
#16 C:\\xampp\\htdocs\\exercicis MP07\\UF3\\MP07_S4_UF3_PRAC\\exercici 2\\CrudQueryBuilder\\vendor\\laravel\\framework\\src\\Illuminate\\Support\\helpers.php(260): Illuminate\\Database\\Console\\Migrations\\MigrateCommand->Illuminate\\Database\\Console\\Migrations\\{closure}(1)
#17 C:\\xampp\\htdocs\\exercicis MP07\\UF3\\MP07_S4_UF3_PRAC\\exercici 2\\CrudQueryBuilder\\vendor\\laravel\\framework\\src\\Illuminate\\Database\\Console\\Migrations\\MigrateCommand.php(157): retry(1, Object(Closure), 0, Object(Closure))
#18 C:\\xampp\\htdocs\\exercicis MP07\\UF3\\MP07_S4_UF3_PRAC\\exercici 2\\CrudQueryBuilder\\vendor\\laravel\\framework\\src\\Illuminate\\Database\\Console\\Migrations\\MigrateCommand.php(114): Illuminate\\Database\\Console\\Migrations\\MigrateCommand->repositoryExists()
#19 C:\\xampp\\htdocs\\exercicis MP07\\UF3\\MP07_S4_UF3_PRAC\\exercici 2\\CrudQueryBuilder\\vendor\\laravel\\framework\\src\\Illuminate\\Database\\Console\\Migrations\\MigrateCommand.php(82): Illuminate\\Database\\Console\\Migrations\\MigrateCommand->prepareDatabase()
#20 C:\\xampp\\htdocs\\exercicis MP07\\UF3\\MP07_S4_UF3_PRAC\\exercici 2\\CrudQueryBuilder\\vendor\\laravel\\framework\\src\\Illuminate\\Database\\Migrations\\Migrator.php(636): Illuminate\\Database\\Console\\Migrations\\MigrateCommand->Illuminate\\Database\\Console\\Migrations\\{closure}()
#21 C:\\xampp\\htdocs\\exercicis MP07\\UF3\\MP07_S4_UF3_PRAC\\exercici 2\\CrudQueryBuilder\\vendor\\laravel\\framework\\src\\Illuminate\\Database\\Console\\Migrations\\MigrateCommand.php(102): Illuminate\\Database\\Migrations\\Migrator->usingConnection(NULL, Object(Closure))
#22 C:\\xampp\\htdocs\\exercicis MP07\\UF3\\MP07_S4_UF3_PRAC\\exercici 2\\CrudQueryBuilder\\vendor\\laravel\\framework\\src\\Illuminate\\Container\\BoundMethod.php(36): Illuminate\\Database\\Console\\Migrations\\MigrateCommand->handle()
#23 C:\\xampp\\htdocs\\exercicis MP07\\UF3\\MP07_S4_UF3_PRAC\\exercici 2\\CrudQueryBuilder\\vendor\\laravel\\framework\\src\\Illuminate\\Container\\Util.php(41): Illuminate\\Container\\BoundMethod::Illuminate\\Container\\{closure}()
#24 C:\\xampp\\htdocs\\exercicis MP07\\UF3\\MP07_S4_UF3_PRAC\\exercici 2\\CrudQueryBuilder\\vendor\\laravel\\framework\\src\\Illuminate\\Container\\BoundMethod.php(93): Illuminate\\Container\\Util::unwrapIfClosure(Object(Closure))
#25 C:\\xampp\\htdocs\\exercicis MP07\\UF3\\MP07_S4_UF3_PRAC\\exercici 2\\CrudQueryBuilder\\vendor\\laravel\\framework\\src\\Illuminate\\Container\\BoundMethod.php(37): Illuminate\\Container\\BoundMethod::callBoundMethod(Object(Illuminate\\Foundation\\Application), Array, Object(Closure))
#26 C:\\xampp\\htdocs\\exercicis MP07\\UF3\\MP07_S4_UF3_PRAC\\exercici 2\\CrudQueryBuilder\\vendor\\laravel\\framework\\src\\Illuminate\\Container\\Container.php(661): Illuminate\\Container\\BoundMethod::call(Object(Illuminate\\Foundation\\Application), Array, Array, NULL)
#27 C:\\xampp\\htdocs\\exercicis MP07\\UF3\\MP07_S4_UF3_PRAC\\exercici 2\\CrudQueryBuilder\\vendor\\laravel\\framework\\src\\Illuminate\\Console\\Command.php(183): Illuminate\\Container\\Container->call(Array)
#28 C:\\xampp\\htdocs\\exercicis MP07\\UF3\\MP07_S4_UF3_PRAC\\exercici 2\\CrudQueryBuilder\\vendor\\symfony\\console\\Command\\Command.php(291): Illuminate\\Console\\Command->execute(Object(Symfony\\Component\\Console\\Input\\ArgvInput), Object(Illuminate\\Console\\OutputStyle))
#29 C:\\xampp\\htdocs\\exercicis MP07\\UF3\\MP07_S4_UF3_PRAC\\exercici 2\\CrudQueryBuilder\\vendor\\laravel\\framework\\src\\Illuminate\\Console\\Command.php(153): Symfony\\Component\\Console\\Command\\Command->run(Object(Symfony\\Component\\Console\\Input\\ArgvInput), Object(Illuminate\\Console\\OutputStyle))
#30 C:\\xampp\\htdocs\\exercicis MP07\\UF3\\MP07_S4_UF3_PRAC\\exercici 2\\CrudQueryBuilder\\vendor\\symfony\\console\\Application.php(1014): Illuminate\\Console\\Command->run(Object(Symfony\\Component\\Console\\Input\\ArgvInput), Object(Symfony\\Component\\Console\\Output\\ConsoleOutput))
#31 C:\\xampp\\htdocs\\exercicis MP07\\UF3\\MP07_S4_UF3_PRAC\\exercici 2\\CrudQueryBuilder\\vendor\\symfony\\console\\Application.php(301): Symfony\\Component\\Console\\Application->doRunCommand(Object(Illuminate\\Database\\Console\\Migrations\\MigrateCommand), Object(Symfony\\Component\\Console\\Input\\ArgvInput), Object(Symfony\\Component\\Console\\Output\\ConsoleOutput))
#32 C:\\xampp\\htdocs\\exercicis MP07\\UF3\\MP07_S4_UF3_PRAC\\exercici 2\\CrudQueryBuilder\\vendor\\symfony\\console\\Application.php(171): Symfony\\Component\\Console\\Application->doRun(Object(Symfony\\Component\\Console\\Input\\ArgvInput), Object(Symfony\\Component\\Console\\Output\\ConsoleOutput))
#33 C:\\xampp\\htdocs\\exercicis MP07\\UF3\\MP07_S4_UF3_PRAC\\exercici 2\\CrudQueryBuilder\\vendor\\laravel\\framework\\src\\Illuminate\\Console\\Application.php(102): Symfony\\Component\\Console\\Application->run(Object(Symfony\\Component\\Console\\Input\\ArgvInput), Object(Symfony\\Component\\Console\\Output\\ConsoleOutput))
#34 C:\\xampp\\htdocs\\exercicis MP07\\UF3\\MP07_S4_UF3_PRAC\\exercici 2\\CrudQueryBuilder\\vendor\\laravel\\framework\\src\\Illuminate\\Foundation\\Console\\Kernel.php(155): Illuminate\\Console\\Application->run(Object(Symfony\\Component\\Console\\Input\\ArgvInput), Object(Symfony\\Component\\Console\\Output\\ConsoleOutput))
#35 C:\\xampp\\htdocs\\exercicis MP07\\UF3\\MP07_S4_UF3_PRAC\\exercici 2\\CrudQueryBuilder\\artisan(37): Illuminate\\Foundation\\Console\\Kernel->handle(Object(Symfony\\Component\\Console\\Input\\ArgvInput), Object(Symfony\\Component\\Console\\Output\\ConsoleOutput))
#36 {main}
"} 
[2025-03-23 15:03:13] local.ERROR: View [usuaris.index] not found. {"exception":"[object] (InvalidArgumentException(code: 0): View [usuaris.index] not found. at C:\\xampp\\htdocs\\exercicis MP07\\UF3\\MP07_S4_UF3_PRAC\\exercici 2\\CrudQueryBuilder\\vendor\\laravel\\framework\\src\\Illuminate\\View\\FileViewFinder.php:137)
[stacktrace]
#0 C:\\xampp\\htdocs\\exercicis MP07\\UF3\\MP07_S4_UF3_PRAC\\exercici 2\\CrudQueryBuilder\\vendor\\laravel\\framework\\src\\Illuminate\\View\\FileViewFinder.php(79): Illuminate\\View\\FileViewFinder->findInPaths('usuaris.index', Array)
#1 C:\\xampp\\htdocs\\exercicis MP07\\UF3\\MP07_S4_UF3_PRAC\\exercici 2\\CrudQueryBuilder\\vendor\\laravel\\framework\\src\\Illuminate\\View\\Factory.php(138): Illuminate\\View\\FileViewFinder->find('usuaris.index')
#2 C:\\xampp\\htdocs\\exercicis MP07\\UF3\\MP07_S4_UF3_PRAC\\exercici 2\\CrudQueryBuilder\\vendor\\laravel\\framework\\src\\Illuminate\\Foundation\\helpers.php(1035): Illuminate\\View\\Factory->make('usuaris.index', Array, Array)
#3 C:\\xampp\\htdocs\\exercicis MP07\\UF3\\MP07_S4_UF3_PRAC\\exercici 2\\CrudQueryBuilder\\app\\Http\\Controllers\\UsuariController.php(27): view('usuaris.index', Array)
#4 C:\\xampp\\htdocs\\exercicis MP07\\UF3\\MP07_S4_UF3_PRAC\\exercici 2\\CrudQueryBuilder\\vendor\\laravel\\framework\\src\\Illuminate\\Routing\\Controller.php(54): App\\Http\\Controllers\\UsuariController->index()
#5 C:\\xampp\\htdocs\\exercicis MP07\\UF3\\MP07_S4_UF3_PRAC\\exercici 2\\CrudQueryBuilder\\vendor\\laravel\\framework\\src\\Illuminate\\Routing\\ControllerDispatcher.php(43): Illuminate\\Routing\\Controller->callAction('index', Array)
#6 C:\\xampp\\htdocs\\exercicis MP07\\UF3\\MP07_S4_UF3_PRAC\\exercici 2\\CrudQueryBuilder\\vendor\\laravel\\framework\\src\\Illuminate\\Routing\\Route.php(260): Illuminate\\Routing\\ControllerDispatcher->dispatch(Object(Illuminate\\Routing\\Route), Object(App\\Http\\Controllers\\UsuariController), 'index')
#7 C:\\xampp\\htdocs\\exercicis MP07\\UF3\\MP07_S4_UF3_PRAC\\exercici 2\\CrudQueryBuilder\\vendor\\laravel\\framework\\src\\Illuminate\\Routing\\Route.php(205): Illuminate\\Routing\\Route->runController()
#8 C:\\xampp\\htdocs\\exercicis MP07\\UF3\\MP07_S4_UF3_PRAC\\exercici 2\\CrudQueryBuilder\\vendor\\laravel\\framework\\src\\Illuminate\\Routing\\Router.php(798): Illuminate\\Routing\\Route->run()
#9 C:\\xampp\\htdocs\\exercicis MP07\\UF3\\MP07_S4_UF3_PRAC\\exercici 2\\CrudQueryBuilder\\vendor\\laravel\\framework\\src\\Illuminate\\Pipeline\\Pipeline.php(141): Illuminate\\Routing\\Router->Illuminate\\Routing\\{closure}(Object(Illuminate\\Http\\Request))
#10 C:\\xampp\\htdocs\\exercicis MP07\\UF3\\MP07_S4_UF3_PRAC\\exercici 2\\CrudQueryBuilder\\vendor\\laravel\\framework\\src\\Illuminate\\Routing\\Middleware\\SubstituteBindings.php(50): Illuminate\\Pipeline\\Pipeline->Illuminate\\Pipeline\\{closure}(Object(Illuminate\\Http\\Request))
#11 C:\\xampp\\htdocs\\exercicis MP07\\UF3\\MP07_S4_UF3_PRAC\\exercici 2\\CrudQueryBuilder\\vendor\\laravel\\framework\\src\\Illuminate\\Pipeline\\Pipeline.php(180): Illuminate\\Routing\\Middleware\\SubstituteBindings->handle(Object(Illuminate\\Http\\Request), Object(Closure))
#12 C:\\xampp\\htdocs\\exercicis MP07\\UF3\\MP07_S4_UF3_PRAC\\exercici 2\\CrudQueryBuilder\\vendor\\laravel\\framework\\src\\Illuminate\\Foundation\\Http\\Middleware\\VerifyCsrfToken.php(78): Illuminate\\Pipeline\\Pipeline->Illuminate\\Pipeline\\{closure}(Object(Illuminate\\Http\\Request))
#13 C:\\xampp\\htdocs\\exercicis MP07\\UF3\\MP07_S4_UF3_PRAC\\exercici 2\\CrudQueryBuilder\\vendor\\laravel\\framework\\src\\Illuminate\\Pipeline\\Pipeline.php(180): Illuminate\\Foundation\\Http\\Middleware\\VerifyCsrfToken->handle(Object(Illuminate\\Http\\Request), Object(Closure))
#14 C:\\xampp\\htdocs\\exercicis MP07\\UF3\\MP07_S4_UF3_PRAC\\exercici 2\\CrudQueryBuilder\\vendor\\laravel\\framework\\src\\Illuminate\\View\\Middleware\\ShareErrorsFromSession.php(49): Illuminate\\Pipeline\\Pipeline->Illuminate\\Pipeline\\{closure}(Object(Illuminate\\Http\\Request))
#15 C:\\xampp\\htdocs\\exercicis MP07\\UF3\\MP07_S4_UF3_PRAC\\exercici 2\\CrudQueryBuilder\\vendor\\laravel\\framework\\src\\Illuminate\\Pipeline\\Pipeline.php(180): Illuminate\\View\\Middleware\\ShareErrorsFromSession->handle(Object(Illuminate\\Http\\Request), Object(Closure))
#16 C:\\xampp\\htdocs\\exercicis MP07\\UF3\\MP07_S4_UF3_PRAC\\exercici 2\\CrudQueryBuilder\\vendor\\laravel\\framework\\src\\Illuminate\\Session\\Middleware\\StartSession.php(121): Illuminate\\Pipeline\\Pipeline->Illuminate\\Pipeline\\{closure}(Object(Illuminate\\Http\\Request))
#17 C:\\xampp\\htdocs\\exercicis MP07\\UF3\\MP07_S4_UF3_PRAC\\exercici 2\\CrudQueryBuilder\\vendor\\laravel\\framework\\src\\Illuminate\\Session\\Middleware\\StartSession.php(64): Illuminate\\Session\\Middleware\\StartSession->handleStatefulRequest(Object(Illuminate\\Http\\Request), Object(Illuminate\\Session\\Store), Object(Closure))
#18 C:\\xampp\\htdocs\\exercicis MP07\\UF3\\MP07_S4_UF3_PRAC\\exercici 2\\CrudQueryBuilder\\vendor\\laravel\\framework\\src\\Illuminate\\Pipeline\\Pipeline.php(180): Illuminate\\Session\\Middleware\\StartSession->handle(Object(Illuminate\\Http\\Request), Object(Closure))
#19 C:\\xampp\\htdocs\\exercicis MP07\\UF3\\MP07_S4_UF3_PRAC\\exercici 2\\CrudQueryBuilder\\vendor\\laravel\\framework\\src\\Illuminate\\Cookie\\Middleware\\AddQueuedCookiesToResponse.php(37): Illuminate\\Pipeline\\Pipeline->Illuminate\\Pipeline\\{closure}(Object(Illuminate\\Http\\Request))
#20 C:\\xampp\\htdocs\\exercicis MP07\\UF3\\MP07_S4_UF3_PRAC\\exercici 2\\CrudQueryBuilder\\vendor\\laravel\\framework\\src\\Illuminate\\Pipeline\\Pipeline.php(180): Illuminate\\Cookie\\Middleware\\AddQueuedCookiesToResponse->handle(Object(Illuminate\\Http\\Request), Object(Closure))
#21 C:\\xampp\\htdocs\\exercicis MP07\\UF3\\MP07_S4_UF3_PRAC\\exercici 2\\CrudQueryBuilder\\vendor\\laravel\\framework\\src\\Illuminate\\Cookie\\Middleware\\EncryptCookies.php(67): Illuminate\\Pipeline\\Pipeline->Illuminate\\Pipeline\\{closure}(Object(Illuminate\\Http\\Request))
#22 C:\\xampp\\htdocs\\exercicis MP07\\UF3\\MP07_S4_UF3_PRAC\\exercici 2\\CrudQueryBuilder\\vendor\\laravel\\framework\\src\\Illuminate\\Pipeline\\Pipeline.php(180): Illuminate\\Cookie\\Middleware\\EncryptCookies->handle(Object(Illuminate\\Http\\Request), Object(Closure))
#23 C:\\xampp\\htdocs\\exercicis MP07\\UF3\\MP07_S4_UF3_PRAC\\exercici 2\\CrudQueryBuilder\\vendor\\laravel\\framework\\src\\Illuminate\\Pipeline\\Pipeline.php(116): Illuminate\\Pipeline\\Pipeline->Illuminate\\Pipeline\\{closure}(Object(Illuminate\\Http\\Request))
#24 C:\\xampp\\htdocs\\exercicis MP07\\UF3\\MP07_S4_UF3_PRAC\\exercici 2\\CrudQueryBuilder\\vendor\\laravel\\framework\\src\\Illuminate\\Routing\\Router.php(799): Illuminate\\Pipeline\\Pipeline->then(Object(Closure))
#25 C:\\xampp\\htdocs\\exercicis MP07\\UF3\\MP07_S4_UF3_PRAC\\exercici 2\\CrudQueryBuilder\\vendor\\laravel\\framework\\src\\Illuminate\\Routing\\Router.php(776): Illuminate\\Routing\\Router->runRouteWithinStack(Object(Illuminate\\Routing\\Route), Object(Illuminate\\Http\\Request))
#26 C:\\xampp\\htdocs\\exercicis MP07\\UF3\\MP07_S4_UF3_PRAC\\exercici 2\\CrudQueryBuilder\\vendor\\laravel\\framework\\src\\Illuminate\\Routing\\Router.php(740): Illuminate\\Routing\\Router->runRoute(Object(Illuminate\\Http\\Request), Object(Illuminate\\Routing\\Route))
#27 C:\\xampp\\htdocs\\exercicis MP07\\UF3\\MP07_S4_UF3_PRAC\\exercici 2\\CrudQueryBuilder\\vendor\\laravel\\framework\\src\\Illuminate\\Routing\\Router.php(729): Illuminate\\Routing\\Router->dispatchToRoute(Object(Illuminate\\Http\\Request))
#28 C:\\xampp\\htdocs\\exercicis MP07\\UF3\\MP07_S4_UF3_PRAC\\exercici 2\\CrudQueryBuilder\\vendor\\laravel\\framework\\src\\Illuminate\\Foundation\\Http\\Kernel.php(190): Illuminate\\Routing\\Router->dispatch(Object(Illuminate\\Http\\Request))
#29 C:\\xampp\\htdocs\\exercicis MP07\\UF3\\MP07_S4_UF3_PRAC\\exercici 2\\CrudQueryBuilder\\vendor\\laravel\\framework\\src\\Illuminate\\Pipeline\\Pipeline.php(141): Illuminate\\Foundation\\Http\\Kernel->Illuminate\\Foundation\\Http\\{closure}(Object(Illuminate\\Http\\Request))
#30 C:\\xampp\\htdocs\\exercicis MP07\\UF3\\MP07_S4_UF3_PRAC\\exercici 2\\CrudQueryBuilder\\vendor\\laravel\\framework\\src\\Illuminate\\Foundation\\Http\\Middleware\\TransformsRequest.php(21): Illuminate\\Pipeline\\Pipeline->Illuminate\\Pipeline\\{closure}(Object(Illuminate\\Http\\Request))
#31 C:\\xampp\\htdocs\\exercicis MP07\\UF3\\MP07_S4_UF3_PRAC\\exercici 2\\CrudQueryBuilder\\vendor\\laravel\\framework\\src\\Illuminate\\Foundation\\Http\\Middleware\\ConvertEmptyStringsToNull.php(31): Illuminate\\Foundation\\Http\\Middleware\\TransformsRequest->handle(Object(Illuminate\\Http\\Request), Object(Closure))
#32 C:\\xampp\\htdocs\\exercicis MP07\\UF3\\MP07_S4_UF3_PRAC\\exercici 2\\CrudQueryBuilder\\vendor\\laravel\\framework\\src\\Illuminate\\Pipeline\\Pipeline.php(180): Illuminate\\Foundation\\Http\\Middleware\\ConvertEmptyStringsToNull->handle(Object(Illuminate\\Http\\Request), Object(Closure))
#33 C:\\xampp\\htdocs\\exercicis MP07\\UF3\\MP07_S4_UF3_PRAC\\exercici 2\\CrudQueryBuilder\\vendor\\laravel\\framework\\src\\Illuminate\\Foundation\\Http\\Middleware\\TransformsRequest.php(21): Illuminate\\Pipeline\\Pipeline->Illuminate\\Pipeline\\{closure}(Object(Illuminate\\Http\\Request))
#34 C:\\xampp\\htdocs\\exercicis MP07\\UF3\\MP07_S4_UF3_PRAC\\exercici 2\\CrudQueryBuilder\\vendor\\laravel\\framework\\src\\Illuminate\\Foundation\\Http\\Middleware\\TrimStrings.php(40): Illuminate\\Foundation\\Http\\Middleware\\TransformsRequest->handle(Object(Illuminate\\Http\\Request), Object(Closure))
#35 C:\\xampp\\htdocs\\exercicis MP07\\UF3\\MP07_S4_UF3_PRAC\\exercici 2\\CrudQueryBuilder\\vendor\\laravel\\framework\\src\\Illuminate\\Pipeline\\Pipeline.php(180): Illuminate\\Foundation\\Http\\Middleware\\TrimStrings->handle(Object(Illuminate\\Http\\Request), Object(Closure))
#36 C:\\xampp\\htdocs\\exercicis MP07\\UF3\\MP07_S4_UF3_PRAC\\exercici 2\\CrudQueryBuilder\\vendor\\laravel\\framework\\src\\Illuminate\\Foundation\\Http\\Middleware\\ValidatePostSize.php(27): Illuminate\\Pipeline\\Pipeline->Illuminate\\Pipeline\\{closure}(Object(Illuminate\\Http\\Request))
#37 C:\\xampp\\htdocs\\exercicis MP07\\UF3\\MP07_S4_UF3_PRAC\\exercici 2\\CrudQueryBuilder\\vendor\\laravel\\framework\\src\\Illuminate\\Pipeline\\Pipeline.php(180): Illuminate\\Foundation\\Http\\Middleware\\ValidatePostSize->handle(Object(Illuminate\\Http\\Request), Object(Closure))
#38 C:\\xampp\\htdocs\\exercicis MP07\\UF3\\MP07_S4_UF3_PRAC\\exercici 2\\CrudQueryBuilder\\vendor\\laravel\\framework\\src\\Illuminate\\Foundation\\Http\\Middleware\\PreventRequestsDuringMaintenance.php(86): Illuminate\\Pipeline\\Pipeline->Illuminate\\Pipeline\\{closure}(Object(Illuminate\\Http\\Request))
#39 C:\\xampp\\htdocs\\exercicis MP07\\UF3\\MP07_S4_UF3_PRAC\\exercici 2\\CrudQueryBuilder\\vendor\\laravel\\framework\\src\\Illuminate\\Pipeline\\Pipeline.php(180): Illuminate\\Foundation\\Http\\Middleware\\PreventRequestsDuringMaintenance->handle(Object(Illuminate\\Http\\Request), Object(Closure))
#40 C:\\xampp\\htdocs\\exercicis MP07\\UF3\\MP07_S4_UF3_PRAC\\exercici 2\\CrudQueryBuilder\\vendor\\laravel\\framework\\src\\Illuminate\\Http\\Middleware\\HandleCors.php(49): Illuminate\\Pipeline\\Pipeline->Illuminate\\Pipeline\\{closure}(Object(Illuminate\\Http\\Request))
#41 C:\\xampp\\htdocs\\exercicis MP07\\UF3\\MP07_S4_UF3_PRAC\\exercici 2\\CrudQueryBuilder\\vendor\\laravel\\framework\\src\\Illuminate\\Pipeline\\Pipeline.php(180): Illuminate\\Http\\Middleware\\HandleCors->handle(Object(Illuminate\\Http\\Request), Object(Closure))
#42 C:\\xampp\\htdocs\\exercicis MP07\\UF3\\MP07_S4_UF3_PRAC\\exercici 2\\CrudQueryBuilder\\vendor\\laravel\\framework\\src\\Illuminate\\Http\\Middleware\\TrustProxies.php(39): Illuminate\\Pipeline\\Pipeline->Illuminate\\Pipeline\\{closure}(Object(Illuminate\\Http\\Request))
#43 C:\\xampp\\htdocs\\exercicis MP07\\UF3\\MP07_S4_UF3_PRAC\\exercici 2\\CrudQueryBuilder\\vendor\\laravel\\framework\\src\\Illuminate\\Pipeline\\Pipeline.php(180): Illuminate\\Http\\Middleware\\TrustProxies->handle(Object(Illuminate\\Http\\Request), Object(Closure))
#44 C:\\xampp\\htdocs\\exercicis MP07\\UF3\\MP07_S4_UF3_PRAC\\exercici 2\\CrudQueryBuilder\\vendor\\laravel\\framework\\src\\Illuminate\\Pipeline\\Pipeline.php(116): Illuminate\\Pipeline\\Pipeline->Illuminate\\Pipeline\\{closure}(Object(Illuminate\\Http\\Request))
#45 C:\\xampp\\htdocs\\exercicis MP07\\UF3\\MP07_S4_UF3_PRAC\\exercici 2\\CrudQueryBuilder\\vendor\\laravel\\framework\\src\\Illuminate\\Foundation\\Http\\Kernel.php(165): Illuminate\\Pipeline\\Pipeline->then(Object(Closure))
#46 C:\\xampp\\htdocs\\exercicis MP07\\UF3\\MP07_S4_UF3_PRAC\\exercici 2\\CrudQueryBuilder\\vendor\\laravel\\framework\\src\\Illuminate\\Foundation\\Http\\Kernel.php(134): Illuminate\\Foundation\\Http\\Kernel->sendRequestThroughRouter(Object(Illuminate\\Http\\Request))
#47 C:\\xampp\\htdocs\\exercicis MP07\\UF3\\MP07_S4_UF3_PRAC\\exercici 2\\CrudQueryBuilder\\public\\index.php(52): Illuminate\\Foundation\\Http\\Kernel->handle(Object(Illuminate\\Http\\Request))
#48 C:\\xampp\\htdocs\\exercicis MP07\\UF3\\MP07_S4_UF3_PRAC\\exercici 2\\CrudQueryBuilder\\vendor\\laravel\\framework\\src\\Illuminate\\Foundation\\resources\\server.php(16): require_once('C:\\\\xampp\\\\htdocs...')
#49 {main}
"} 
[2025-03-23 15:05:21] local.ERROR: View [usuaris.index] not found. {"exception":"[object] (InvalidArgumentException(code: 0): View [usuaris.index] not found. at C:\\xampp\\htdocs\\exercicis MP07\\UF3\\MP07_S4_UF3_PRAC\\exercici 2\\CrudQueryBuilder\\vendor\\laravel\\framework\\src\\Illuminate\\View\\FileViewFinder.php:137)
[stacktrace]
#0 C:\\xampp\\htdocs\\exercicis MP07\\UF3\\MP07_S4_UF3_PRAC\\exercici 2\\CrudQueryBuilder\\vendor\\laravel\\framework\\src\\Illuminate\\View\\FileViewFinder.php(79): Illuminate\\View\\FileViewFinder->findInPaths('usuaris.index', Array)
#1 C:\\xampp\\htdocs\\exercicis MP07\\UF3\\MP07_S4_UF3_PRAC\\exercici 2\\CrudQueryBuilder\\vendor\\laravel\\framework\\src\\Illuminate\\View\\Factory.php(138): Illuminate\\View\\FileViewFinder->find('usuaris.index')
#2 C:\\xampp\\htdocs\\exercicis MP07\\UF3\\MP07_S4_UF3_PRAC\\exercici 2\\CrudQueryBuilder\\vendor\\laravel\\framework\\src\\Illuminate\\Foundation\\helpers.php(1035): Illuminate\\View\\Factory->make('usuaris.index', Array, Array)
#3 C:\\xampp\\htdocs\\exercicis MP07\\UF3\\MP07_S4_UF3_PRAC\\exercici 2\\CrudQueryBuilder\\app\\Http\\Controllers\\UsuariController.php(27): view('usuaris.index', Array)
#4 C:\\xampp\\htdocs\\exercicis MP07\\UF3\\MP07_S4_UF3_PRAC\\exercici 2\\CrudQueryBuilder\\vendor\\laravel\\framework\\src\\Illuminate\\Routing\\Controller.php(54): App\\Http\\Controllers\\UsuariController->index()
#5 C:\\xampp\\htdocs\\exercicis MP07\\UF3\\MP07_S4_UF3_PRAC\\exercici 2\\CrudQueryBuilder\\vendor\\laravel\\framework\\src\\Illuminate\\Routing\\ControllerDispatcher.php(43): Illuminate\\Routing\\Controller->callAction('index', Array)
#6 C:\\xampp\\htdocs\\exercicis MP07\\UF3\\MP07_S4_UF3_PRAC\\exercici 2\\CrudQueryBuilder\\vendor\\laravel\\framework\\src\\Illuminate\\Routing\\Route.php(260): Illuminate\\Routing\\ControllerDispatcher->dispatch(Object(Illuminate\\Routing\\Route), Object(App\\Http\\Controllers\\UsuariController), 'index')
#7 C:\\xampp\\htdocs\\exercicis MP07\\UF3\\MP07_S4_UF3_PRAC\\exercici 2\\CrudQueryBuilder\\vendor\\laravel\\framework\\src\\Illuminate\\Routing\\Route.php(205): Illuminate\\Routing\\Route->runController()
#8 C:\\xampp\\htdocs\\exercicis MP07\\UF3\\MP07_S4_UF3_PRAC\\exercici 2\\CrudQueryBuilder\\vendor\\laravel\\framework\\src\\Illuminate\\Routing\\Router.php(798): Illuminate\\Routing\\Route->run()
#9 C:\\xampp\\htdocs\\exercicis MP07\\UF3\\MP07_S4_UF3_PRAC\\exercici 2\\CrudQueryBuilder\\vendor\\laravel\\framework\\src\\Illuminate\\Pipeline\\Pipeline.php(141): Illuminate\\Routing\\Router->Illuminate\\Routing\\{closure}(Object(Illuminate\\Http\\Request))
#10 C:\\xampp\\htdocs\\exercicis MP07\\UF3\\MP07_S4_UF3_PRAC\\exercici 2\\CrudQueryBuilder\\vendor\\laravel\\framework\\src\\Illuminate\\Routing\\Middleware\\SubstituteBindings.php(50): Illuminate\\Pipeline\\Pipeline->Illuminate\\Pipeline\\{closure}(Object(Illuminate\\Http\\Request))
#11 C:\\xampp\\htdocs\\exercicis MP07\\UF3\\MP07_S4_UF3_PRAC\\exercici 2\\CrudQueryBuilder\\vendor\\laravel\\framework\\src\\Illuminate\\Pipeline\\Pipeline.php(180): Illuminate\\Routing\\Middleware\\SubstituteBindings->handle(Object(Illuminate\\Http\\Request), Object(Closure))
#12 C:\\xampp\\htdocs\\exercicis MP07\\UF3\\MP07_S4_UF3_PRAC\\exercici 2\\CrudQueryBuilder\\vendor\\laravel\\framework\\src\\Illuminate\\Foundation\\Http\\Middleware\\VerifyCsrfToken.php(78): Illuminate\\Pipeline\\Pipeline->Illuminate\\Pipeline\\{closure}(Object(Illuminate\\Http\\Request))
#13 C:\\xampp\\htdocs\\exercicis MP07\\UF3\\MP07_S4_UF3_PRAC\\exercici 2\\CrudQueryBuilder\\vendor\\laravel\\framework\\src\\Illuminate\\Pipeline\\Pipeline.php(180): Illuminate\\Foundation\\Http\\Middleware\\VerifyCsrfToken->handle(Object(Illuminate\\Http\\Request), Object(Closure))
#14 C:\\xampp\\htdocs\\exercicis MP07\\UF3\\MP07_S4_UF3_PRAC\\exercici 2\\CrudQueryBuilder\\vendor\\laravel\\framework\\src\\Illuminate\\View\\Middleware\\ShareErrorsFromSession.php(49): Illuminate\\Pipeline\\Pipeline->Illuminate\\Pipeline\\{closure}(Object(Illuminate\\Http\\Request))
#15 C:\\xampp\\htdocs\\exercicis MP07\\UF3\\MP07_S4_UF3_PRAC\\exercici 2\\CrudQueryBuilder\\vendor\\laravel\\framework\\src\\Illuminate\\Pipeline\\Pipeline.php(180): Illuminate\\View\\Middleware\\ShareErrorsFromSession->handle(Object(Illuminate\\Http\\Request), Object(Closure))
#16 C:\\xampp\\htdocs\\exercicis MP07\\UF3\\MP07_S4_UF3_PRAC\\exercici 2\\CrudQueryBuilder\\vendor\\laravel\\framework\\src\\Illuminate\\Session\\Middleware\\StartSession.php(121): Illuminate\\Pipeline\\Pipeline->Illuminate\\Pipeline\\{closure}(Object(Illuminate\\Http\\Request))
#17 C:\\xampp\\htdocs\\exercicis MP07\\UF3\\MP07_S4_UF3_PRAC\\exercici 2\\CrudQueryBuilder\\vendor\\laravel\\framework\\src\\Illuminate\\Session\\Middleware\\StartSession.php(64): Illuminate\\Session\\Middleware\\StartSession->handleStatefulRequest(Object(Illuminate\\Http\\Request), Object(Illuminate\\Session\\Store), Object(Closure))
#18 C:\\xampp\\htdocs\\exercicis MP07\\UF3\\MP07_S4_UF3_PRAC\\exercici 2\\CrudQueryBuilder\\vendor\\laravel\\framework\\src\\Illuminate\\Pipeline\\Pipeline.php(180): Illuminate\\Session\\Middleware\\StartSession->handle(Object(Illuminate\\Http\\Request), Object(Closure))
#19 C:\\xampp\\htdocs\\exercicis MP07\\UF3\\MP07_S4_UF3_PRAC\\exercici 2\\CrudQueryBuilder\\vendor\\laravel\\framework\\src\\Illuminate\\Cookie\\Middleware\\AddQueuedCookiesToResponse.php(37): Illuminate\\Pipeline\\Pipeline->Illuminate\\Pipeline\\{closure}(Object(Illuminate\\Http\\Request))
#20 C:\\xampp\\htdocs\\exercicis MP07\\UF3\\MP07_S4_UF3_PRAC\\exercici 2\\CrudQueryBuilder\\vendor\\laravel\\framework\\src\\Illuminate\\Pipeline\\Pipeline.php(180): Illuminate\\Cookie\\Middleware\\AddQueuedCookiesToResponse->handle(Object(Illuminate\\Http\\Request), Object(Closure))
#21 C:\\xampp\\htdocs\\exercicis MP07\\UF3\\MP07_S4_UF3_PRAC\\exercici 2\\CrudQueryBuilder\\vendor\\laravel\\framework\\src\\Illuminate\\Cookie\\Middleware\\EncryptCookies.php(67): Illuminate\\Pipeline\\Pipeline->Illuminate\\Pipeline\\{closure}(Object(Illuminate\\Http\\Request))
#22 C:\\xampp\\htdocs\\exercicis MP07\\UF3\\MP07_S4_UF3_PRAC\\exercici 2\\CrudQueryBuilder\\vendor\\laravel\\framework\\src\\Illuminate\\Pipeline\\Pipeline.php(180): Illuminate\\Cookie\\Middleware\\EncryptCookies->handle(Object(Illuminate\\Http\\Request), Object(Closure))
#23 C:\\xampp\\htdocs\\exercicis MP07\\UF3\\MP07_S4_UF3_PRAC\\exercici 2\\CrudQueryBuilder\\vendor\\laravel\\framework\\src\\Illuminate\\Pipeline\\Pipeline.php(116): Illuminate\\Pipeline\\Pipeline->Illuminate\\Pipeline\\{closure}(Object(Illuminate\\Http\\Request))
#24 C:\\xampp\\htdocs\\exercicis MP07\\UF3\\MP07_S4_UF3_PRAC\\exercici 2\\CrudQueryBuilder\\vendor\\laravel\\framework\\src\\Illuminate\\Routing\\Router.php(799): Illuminate\\Pipeline\\Pipeline->then(Object(Closure))
#25 C:\\xampp\\htdocs\\exercicis MP07\\UF3\\MP07_S4_UF3_PRAC\\exercici 2\\CrudQueryBuilder\\vendor\\laravel\\framework\\src\\Illuminate\\Routing\\Router.php(776): Illuminate\\Routing\\Router->runRouteWithinStack(Object(Illuminate\\Routing\\Route), Object(Illuminate\\Http\\Request))
#26 C:\\xampp\\htdocs\\exercicis MP07\\UF3\\MP07_S4_UF3_PRAC\\exercici 2\\CrudQueryBuilder\\vendor\\laravel\\framework\\src\\Illuminate\\Routing\\Router.php(740): Illuminate\\Routing\\Router->runRoute(Object(Illuminate\\Http\\Request), Object(Illuminate\\Routing\\Route))
#27 C:\\xampp\\htdocs\\exercicis MP07\\UF3\\MP07_S4_UF3_PRAC\\exercici 2\\CrudQueryBuilder\\vendor\\laravel\\framework\\src\\Illuminate\\Routing\\Router.php(729): Illuminate\\Routing\\Router->dispatchToRoute(Object(Illuminate\\Http\\Request))
#28 C:\\xampp\\htdocs\\exercicis MP07\\UF3\\MP07_S4_UF3_PRAC\\exercici 2\\CrudQueryBuilder\\vendor\\laravel\\framework\\src\\Illuminate\\Foundation\\Http\\Kernel.php(190): Illuminate\\Routing\\Router->dispatch(Object(Illuminate\\Http\\Request))
#29 C:\\xampp\\htdocs\\exercicis MP07\\UF3\\MP07_S4_UF3_PRAC\\exercici 2\\CrudQueryBuilder\\vendor\\laravel\\framework\\src\\Illuminate\\Pipeline\\Pipeline.php(141): Illuminate\\Foundation\\Http\\Kernel->Illuminate\\Foundation\\Http\\{closure}(Object(Illuminate\\Http\\Request))
#30 C:\\xampp\\htdocs\\exercicis MP07\\UF3\\MP07_S4_UF3_PRAC\\exercici 2\\CrudQueryBuilder\\vendor\\laravel\\framework\\src\\Illuminate\\Foundation\\Http\\Middleware\\TransformsRequest.php(21): Illuminate\\Pipeline\\Pipeline->Illuminate\\Pipeline\\{closure}(Object(Illuminate\\Http\\Request))
#31 C:\\xampp\\htdocs\\exercicis MP07\\UF3\\MP07_S4_UF3_PRAC\\exercici 2\\CrudQueryBuilder\\vendor\\laravel\\framework\\src\\Illuminate\\Foundation\\Http\\Middleware\\ConvertEmptyStringsToNull.php(31): Illuminate\\Foundation\\Http\\Middleware\\TransformsRequest->handle(Object(Illuminate\\Http\\Request), Object(Closure))
#32 C:\\xampp\\htdocs\\exercicis MP07\\UF3\\MP07_S4_UF3_PRAC\\exercici 2\\CrudQueryBuilder\\vendor\\laravel\\framework\\src\\Illuminate\\Pipeline\\Pipeline.php(180): Illuminate\\Foundation\\Http\\Middleware\\ConvertEmptyStringsToNull->handle(Object(Illuminate\\Http\\Request), Object(Closure))
#33 C:\\xampp\\htdocs\\exercicis MP07\\UF3\\MP07_S4_UF3_PRAC\\exercici 2\\CrudQueryBuilder\\vendor\\laravel\\framework\\src\\Illuminate\\Foundation\\Http\\Middleware\\TransformsRequest.php(21): Illuminate\\Pipeline\\Pipeline->Illuminate\\Pipeline\\{closure}(Object(Illuminate\\Http\\Request))
#34 C:\\xampp\\htdocs\\exercicis MP07\\UF3\\MP07_S4_UF3_PRAC\\exercici 2\\CrudQueryBuilder\\vendor\\laravel\\framework\\src\\Illuminate\\Foundation\\Http\\Middleware\\TrimStrings.php(40): Illuminate\\Foundation\\Http\\Middleware\\TransformsRequest->handle(Object(Illuminate\\Http\\Request), Object(Closure))
#35 C:\\xampp\\htdocs\\exercicis MP07\\UF3\\MP07_S4_UF3_PRAC\\exercici 2\\CrudQueryBuilder\\vendor\\laravel\\framework\\src\\Illuminate\\Pipeline\\Pipeline.php(180): Illuminate\\Foundation\\Http\\Middleware\\TrimStrings->handle(Object(Illuminate\\Http\\Request), Object(Closure))
#36 C:\\xampp\\htdocs\\exercicis MP07\\UF3\\MP07_S4_UF3_PRAC\\exercici 2\\CrudQueryBuilder\\vendor\\laravel\\framework\\src\\Illuminate\\Foundation\\Http\\Middleware\\ValidatePostSize.php(27): Illuminate\\Pipeline\\Pipeline->Illuminate\\Pipeline\\{closure}(Object(Illuminate\\Http\\Request))
#37 C:\\xampp\\htdocs\\exercicis MP07\\UF3\\MP07_S4_UF3_PRAC\\exercici 2\\CrudQueryBuilder\\vendor\\laravel\\framework\\src\\Illuminate\\Pipeline\\Pipeline.php(180): Illuminate\\Foundation\\Http\\Middleware\\ValidatePostSize->handle(Object(Illuminate\\Http\\Request), Object(Closure))
#38 C:\\xampp\\htdocs\\exercicis MP07\\UF3\\MP07_S4_UF3_PRAC\\exercici 2\\CrudQueryBuilder\\vendor\\laravel\\framework\\src\\Illuminate\\Foundation\\Http\\Middleware\\PreventRequestsDuringMaintenance.php(86): Illuminate\\Pipeline\\Pipeline->Illuminate\\Pipeline\\{closure}(Object(Illuminate\\Http\\Request))
#39 C:\\xampp\\htdocs\\exercicis MP07\\UF3\\MP07_S4_UF3_PRAC\\exercici 2\\CrudQueryBuilder\\vendor\\laravel\\framework\\src\\Illuminate\\Pipeline\\Pipeline.php(180): Illuminate\\Foundation\\Http\\Middleware\\PreventRequestsDuringMaintenance->handle(Object(Illuminate\\Http\\Request), Object(Closure))
#40 C:\\xampp\\htdocs\\exercicis MP07\\UF3\\MP07_S4_UF3_PRAC\\exercici 2\\CrudQueryBuilder\\vendor\\laravel\\framework\\src\\Illuminate\\Http\\Middleware\\HandleCors.php(49): Illuminate\\Pipeline\\Pipeline->Illuminate\\Pipeline\\{closure}(Object(Illuminate\\Http\\Request))
#41 C:\\xampp\\htdocs\\exercicis MP07\\UF3\\MP07_S4_UF3_PRAC\\exercici 2\\CrudQueryBuilder\\vendor\\laravel\\framework\\src\\Illuminate\\Pipeline\\Pipeline.php(180): Illuminate\\Http\\Middleware\\HandleCors->handle(Object(Illuminate\\Http\\Request), Object(Closure))
#42 C:\\xampp\\htdocs\\exercicis MP07\\UF3\\MP07_S4_UF3_PRAC\\exercici 2\\CrudQueryBuilder\\vendor\\laravel\\framework\\src\\Illuminate\\Http\\Middleware\\TrustProxies.php(39): Illuminate\\Pipeline\\Pipeline->Illuminate\\Pipeline\\{closure}(Object(Illuminate\\Http\\Request))
#43 C:\\xampp\\htdocs\\exercicis MP07\\UF3\\MP07_S4_UF3_PRAC\\exercici 2\\CrudQueryBuilder\\vendor\\laravel\\framework\\src\\Illuminate\\Pipeline\\Pipeline.php(180): Illuminate\\Http\\Middleware\\TrustProxies->handle(Object(Illuminate\\Http\\Request), Object(Closure))
#44 C:\\xampp\\htdocs\\exercicis MP07\\UF3\\MP07_S4_UF3_PRAC\\exercici 2\\CrudQueryBuilder\\vendor\\laravel\\framework\\src\\Illuminate\\Pipeline\\Pipeline.php(116): Illuminate\\Pipeline\\Pipeline->Illuminate\\Pipeline\\{closure}(Object(Illuminate\\Http\\Request))
#45 C:\\xampp\\htdocs\\exercicis MP07\\UF3\\MP07_S4_UF3_PRAC\\exercici 2\\CrudQueryBuilder\\vendor\\laravel\\framework\\src\\Illuminate\\Foundation\\Http\\Kernel.php(165): Illuminate\\Pipeline\\Pipeline->then(Object(Closure))
#46 C:\\xampp\\htdocs\\exercicis MP07\\UF3\\MP07_S4_UF3_PRAC\\exercici 2\\CrudQueryBuilder\\vendor\\laravel\\framework\\src\\Illuminate\\Foundation\\Http\\Kernel.php(134): Illuminate\\Foundation\\Http\\Kernel->sendRequestThroughRouter(Object(Illuminate\\Http\\Request))
#47 C:\\xampp\\htdocs\\exercicis MP07\\UF3\\MP07_S4_UF3_PRAC\\exercici 2\\CrudQueryBuilder\\public\\index.php(52): Illuminate\\Foundation\\Http\\Kernel->handle(Object(Illuminate\\Http\\Request))
#48 C:\\xampp\\htdocs\\exercicis MP07\\UF3\\MP07_S4_UF3_PRAC\\exercici 2\\CrudQueryBuilder\\vendor\\laravel\\framework\\src\\Illuminate\\Foundation\\resources\\server.php(16): require_once('C:\\\\xampp\\\\htdocs...')
#49 {main}
"} 
[2025-03-23 15:08:40] local.ERROR: View [usuaris.index] not found. {"exception":"[object] (InvalidArgumentException(code: 0): View [usuaris.index] not found. at C:\\xampp\\htdocs\\exercicis MP07\\UF3\\MP07_S4_UF3_PRAC\\exercici 2\\CrudQueryBuilder\\vendor\\laravel\\framework\\src\\Illuminate\\View\\FileViewFinder.php:137)
[stacktrace]
#0 C:\\xampp\\htdocs\\exercicis MP07\\UF3\\MP07_S4_UF3_PRAC\\exercici 2\\CrudQueryBuilder\\vendor\\laravel\\framework\\src\\Illuminate\\View\\FileViewFinder.php(79): Illuminate\\View\\FileViewFinder->findInPaths('usuaris.index', Array)
#1 C:\\xampp\\htdocs\\exercicis MP07\\UF3\\MP07_S4_UF3_PRAC\\exercici 2\\CrudQueryBuilder\\vendor\\laravel\\framework\\src\\Illuminate\\View\\Factory.php(138): Illuminate\\View\\FileViewFinder->find('usuaris.index')
#2 C:\\xampp\\htdocs\\exercicis MP07\\UF3\\MP07_S4_UF3_PRAC\\exercici 2\\CrudQueryBuilder\\vendor\\laravel\\framework\\src\\Illuminate\\Foundation\\helpers.php(1035): Illuminate\\View\\Factory->make('usuaris.index', Array, Array)
#3 C:\\xampp\\htdocs\\exercicis MP07\\UF3\\MP07_S4_UF3_PRAC\\exercici 2\\CrudQueryBuilder\\app\\Http\\Controllers\\UsuariController.php(27): view('usuaris.index', Array)
#4 C:\\xampp\\htdocs\\exercicis MP07\\UF3\\MP07_S4_UF3_PRAC\\exercici 2\\CrudQueryBuilder\\vendor\\laravel\\framework\\src\\Illuminate\\Routing\\Controller.php(54): App\\Http\\Controllers\\UsuariController->index()
#5 C:\\xampp\\htdocs\\exercicis MP07\\UF3\\MP07_S4_UF3_PRAC\\exercici 2\\CrudQueryBuilder\\vendor\\laravel\\framework\\src\\Illuminate\\Routing\\ControllerDispatcher.php(43): Illuminate\\Routing\\Controller->callAction('index', Array)
#6 C:\\xampp\\htdocs\\exercicis MP07\\UF3\\MP07_S4_UF3_PRAC\\exercici 2\\CrudQueryBuilder\\vendor\\laravel\\framework\\src\\Illuminate\\Routing\\Route.php(260): Illuminate\\Routing\\ControllerDispatcher->dispatch(Object(Illuminate\\Routing\\Route), Object(App\\Http\\Controllers\\UsuariController), 'index')
#7 C:\\xampp\\htdocs\\exercicis MP07\\UF3\\MP07_S4_UF3_PRAC\\exercici 2\\CrudQueryBuilder\\vendor\\laravel\\framework\\src\\Illuminate\\Routing\\Route.php(205): Illuminate\\Routing\\Route->runController()
#8 C:\\xampp\\htdocs\\exercicis MP07\\UF3\\MP07_S4_UF3_PRAC\\exercici 2\\CrudQueryBuilder\\vendor\\laravel\\framework\\src\\Illuminate\\Routing\\Router.php(798): Illuminate\\Routing\\Route->run()
#9 C:\\xampp\\htdocs\\exercicis MP07\\UF3\\MP07_S4_UF3_PRAC\\exercici 2\\CrudQueryBuilder\\vendor\\laravel\\framework\\src\\Illuminate\\Pipeline\\Pipeline.php(141): Illuminate\\Routing\\Router->Illuminate\\Routing\\{closure}(Object(Illuminate\\Http\\Request))
#10 C:\\xampp\\htdocs\\exercicis MP07\\UF3\\MP07_S4_UF3_PRAC\\exercici 2\\CrudQueryBuilder\\vendor\\laravel\\framework\\src\\Illuminate\\Routing\\Middleware\\SubstituteBindings.php(50): Illuminate\\Pipeline\\Pipeline->Illuminate\\Pipeline\\{closure}(Object(Illuminate\\Http\\Request))
#11 C:\\xampp\\htdocs\\exercicis MP07\\UF3\\MP07_S4_UF3_PRAC\\exercici 2\\CrudQueryBuilder\\vendor\\laravel\\framework\\src\\Illuminate\\Pipeline\\Pipeline.php(180): Illuminate\\Routing\\Middleware\\SubstituteBindings->handle(Object(Illuminate\\Http\\Request), Object(Closure))
#12 C:\\xampp\\htdocs\\exercicis MP07\\UF3\\MP07_S4_UF3_PRAC\\exercici 2\\CrudQueryBuilder\\vendor\\laravel\\framework\\src\\Illuminate\\Foundation\\Http\\Middleware\\VerifyCsrfToken.php(78): Illuminate\\Pipeline\\Pipeline->Illuminate\\Pipeline\\{closure}(Object(Illuminate\\Http\\Request))
#13 C:\\xampp\\htdocs\\exercicis MP07\\UF3\\MP07_S4_UF3_PRAC\\exercici 2\\CrudQueryBuilder\\vendor\\laravel\\framework\\src\\Illuminate\\Pipeline\\Pipeline.php(180): Illuminate\\Foundation\\Http\\Middleware\\VerifyCsrfToken->handle(Object(Illuminate\\Http\\Request), Object(Closure))
#14 C:\\xampp\\htdocs\\exercicis MP07\\UF3\\MP07_S4_UF3_PRAC\\exercici 2\\CrudQueryBuilder\\vendor\\laravel\\framework\\src\\Illuminate\\View\\Middleware\\ShareErrorsFromSession.php(49): Illuminate\\Pipeline\\Pipeline->Illuminate\\Pipeline\\{closure}(Object(Illuminate\\Http\\Request))
#15 C:\\xampp\\htdocs\\exercicis MP07\\UF3\\MP07_S4_UF3_PRAC\\exercici 2\\CrudQueryBuilder\\vendor\\laravel\\framework\\src\\Illuminate\\Pipeline\\Pipeline.php(180): Illuminate\\View\\Middleware\\ShareErrorsFromSession->handle(Object(Illuminate\\Http\\Request), Object(Closure))
#16 C:\\xampp\\htdocs\\exercicis MP07\\UF3\\MP07_S4_UF3_PRAC\\exercici 2\\CrudQueryBuilder\\vendor\\laravel\\framework\\src\\Illuminate\\Session\\Middleware\\StartSession.php(121): Illuminate\\Pipeline\\Pipeline->Illuminate\\Pipeline\\{closure}(Object(Illuminate\\Http\\Request))
#17 C:\\xampp\\htdocs\\exercicis MP07\\UF3\\MP07_S4_UF3_PRAC\\exercici 2\\CrudQueryBuilder\\vendor\\laravel\\framework\\src\\Illuminate\\Session\\Middleware\\StartSession.php(64): Illuminate\\Session\\Middleware\\StartSession->handleStatefulRequest(Object(Illuminate\\Http\\Request), Object(Illuminate\\Session\\Store), Object(Closure))
#18 C:\\xampp\\htdocs\\exercicis MP07\\UF3\\MP07_S4_UF3_PRAC\\exercici 2\\CrudQueryBuilder\\vendor\\laravel\\framework\\src\\Illuminate\\Pipeline\\Pipeline.php(180): Illuminate\\Session\\Middleware\\StartSession->handle(Object(Illuminate\\Http\\Request), Object(Closure))
#19 C:\\xampp\\htdocs\\exercicis MP07\\UF3\\MP07_S4_UF3_PRAC\\exercici 2\\CrudQueryBuilder\\vendor\\laravel\\framework\\src\\Illuminate\\Cookie\\Middleware\\AddQueuedCookiesToResponse.php(37): Illuminate\\Pipeline\\Pipeline->Illuminate\\Pipeline\\{closure}(Object(Illuminate\\Http\\Request))
#20 C:\\xampp\\htdocs\\exercicis MP07\\UF3\\MP07_S4_UF3_PRAC\\exercici 2\\CrudQueryBuilder\\vendor\\laravel\\framework\\src\\Illuminate\\Pipeline\\Pipeline.php(180): Illuminate\\Cookie\\Middleware\\AddQueuedCookiesToResponse->handle(Object(Illuminate\\Http\\Request), Object(Closure))
#21 C:\\xampp\\htdocs\\exercicis MP07\\UF3\\MP07_S4_UF3_PRAC\\exercici 2\\CrudQueryBuilder\\vendor\\laravel\\framework\\src\\Illuminate\\Cookie\\Middleware\\EncryptCookies.php(67): Illuminate\\Pipeline\\Pipeline->Illuminate\\Pipeline\\{closure}(Object(Illuminate\\Http\\Request))
#22 C:\\xampp\\htdocs\\exercicis MP07\\UF3\\MP07_S4_UF3_PRAC\\exercici 2\\CrudQueryBuilder\\vendor\\laravel\\framework\\src\\Illuminate\\Pipeline\\Pipeline.php(180): Illuminate\\Cookie\\Middleware\\EncryptCookies->handle(Object(Illuminate\\Http\\Request), Object(Closure))
#23 C:\\xampp\\htdocs\\exercicis MP07\\UF3\\MP07_S4_UF3_PRAC\\exercici 2\\CrudQueryBuilder\\vendor\\laravel\\framework\\src\\Illuminate\\Pipeline\\Pipeline.php(116): Illuminate\\Pipeline\\Pipeline->Illuminate\\Pipeline\\{closure}(Object(Illuminate\\Http\\Request))
#24 C:\\xampp\\htdocs\\exercicis MP07\\UF3\\MP07_S4_UF3_PRAC\\exercici 2\\CrudQueryBuilder\\vendor\\laravel\\framework\\src\\Illuminate\\Routing\\Router.php(799): Illuminate\\Pipeline\\Pipeline->then(Object(Closure))
#25 C:\\xampp\\htdocs\\exercicis MP07\\UF3\\MP07_S4_UF3_PRAC\\exercici 2\\CrudQueryBuilder\\vendor\\laravel\\framework\\src\\Illuminate\\Routing\\Router.php(776): Illuminate\\Routing\\Router->runRouteWithinStack(Object(Illuminate\\Routing\\Route), Object(Illuminate\\Http\\Request))
#26 C:\\xampp\\htdocs\\exercicis MP07\\UF3\\MP07_S4_UF3_PRAC\\exercici 2\\CrudQueryBuilder\\vendor\\laravel\\framework\\src\\Illuminate\\Routing\\Router.php(740): Illuminate\\Routing\\Router->runRoute(Object(Illuminate\\Http\\Request), Object(Illuminate\\Routing\\Route))
#27 C:\\xampp\\htdocs\\exercicis MP07\\UF3\\MP07_S4_UF3_PRAC\\exercici 2\\CrudQueryBuilder\\vendor\\laravel\\framework\\src\\Illuminate\\Routing\\Router.php(729): Illuminate\\Routing\\Router->dispatchToRoute(Object(Illuminate\\Http\\Request))
#28 C:\\xampp\\htdocs\\exercicis MP07\\UF3\\MP07_S4_UF3_PRAC\\exercici 2\\CrudQueryBuilder\\vendor\\laravel\\framework\\src\\Illuminate\\Foundation\\Http\\Kernel.php(190): Illuminate\\Routing\\Router->dispatch(Object(Illuminate\\Http\\Request))
#29 C:\\xampp\\htdocs\\exercicis MP07\\UF3\\MP07_S4_UF3_PRAC\\exercici 2\\CrudQueryBuilder\\vendor\\laravel\\framework\\src\\Illuminate\\Pipeline\\Pipeline.php(141): Illuminate\\Foundation\\Http\\Kernel->Illuminate\\Foundation\\Http\\{closure}(Object(Illuminate\\Http\\Request))
#30 C:\\xampp\\htdocs\\exercicis MP07\\UF3\\MP07_S4_UF3_PRAC\\exercici 2\\CrudQueryBuilder\\vendor\\laravel\\framework\\src\\Illuminate\\Foundation\\Http\\Middleware\\TransformsRequest.php(21): Illuminate\\Pipeline\\Pipeline->Illuminate\\Pipeline\\{closure}(Object(Illuminate\\Http\\Request))
#31 C:\\xampp\\htdocs\\exercicis MP07\\UF3\\MP07_S4_UF3_PRAC\\exercici 2\\CrudQueryBuilder\\vendor\\laravel\\framework\\src\\Illuminate\\Foundation\\Http\\Middleware\\ConvertEmptyStringsToNull.php(31): Illuminate\\Foundation\\Http\\Middleware\\TransformsRequest->handle(Object(Illuminate\\Http\\Request), Object(Closure))
#32 C:\\xampp\\htdocs\\exercicis MP07\\UF3\\MP07_S4_UF3_PRAC\\exercici 2\\CrudQueryBuilder\\vendor\\laravel\\framework\\src\\Illuminate\\Pipeline\\Pipeline.php(180): Illuminate\\Foundation\\Http\\Middleware\\ConvertEmptyStringsToNull->handle(Object(Illuminate\\Http\\Request), Object(Closure))
#33 C:\\xampp\\htdocs\\exercicis MP07\\UF3\\MP07_S4_UF3_PRAC\\exercici 2\\CrudQueryBuilder\\vendor\\laravel\\framework\\src\\Illuminate\\Foundation\\Http\\Middleware\\TransformsRequest.php(21): Illuminate\\Pipeline\\Pipeline->Illuminate\\Pipeline\\{closure}(Object(Illuminate\\Http\\Request))
#34 C:\\xampp\\htdocs\\exercicis MP07\\UF3\\MP07_S4_UF3_PRAC\\exercici 2\\CrudQueryBuilder\\vendor\\laravel\\framework\\src\\Illuminate\\Foundation\\Http\\Middleware\\TrimStrings.php(40): Illuminate\\Foundation\\Http\\Middleware\\TransformsRequest->handle(Object(Illuminate\\Http\\Request), Object(Closure))
#35 C:\\xampp\\htdocs\\exercicis MP07\\UF3\\MP07_S4_UF3_PRAC\\exercici 2\\CrudQueryBuilder\\vendor\\laravel\\framework\\src\\Illuminate\\Pipeline\\Pipeline.php(180): Illuminate\\Foundation\\Http\\Middleware\\TrimStrings->handle(Object(Illuminate\\Http\\Request), Object(Closure))
#36 C:\\xampp\\htdocs\\exercicis MP07\\UF3\\MP07_S4_UF3_PRAC\\exercici 2\\CrudQueryBuilder\\vendor\\laravel\\framework\\src\\Illuminate\\Foundation\\Http\\Middleware\\ValidatePostSize.php(27): Illuminate\\Pipeline\\Pipeline->Illuminate\\Pipeline\\{closure}(Object(Illuminate\\Http\\Request))
#37 C:\\xampp\\htdocs\\exercicis MP07\\UF3\\MP07_S4_UF3_PRAC\\exercici 2\\CrudQueryBuilder\\vendor\\laravel\\framework\\src\\Illuminate\\Pipeline\\Pipeline.php(180): Illuminate\\Foundation\\Http\\Middleware\\ValidatePostSize->handle(Object(Illuminate\\Http\\Request), Object(Closure))
#38 C:\\xampp\\htdocs\\exercicis MP07\\UF3\\MP07_S4_UF3_PRAC\\exercici 2\\CrudQueryBuilder\\vendor\\laravel\\framework\\src\\Illuminate\\Foundation\\Http\\Middleware\\PreventRequestsDuringMaintenance.php(86): Illuminate\\Pipeline\\Pipeline->Illuminate\\Pipeline\\{closure}(Object(Illuminate\\Http\\Request))
#39 C:\\xampp\\htdocs\\exercicis MP07\\UF3\\MP07_S4_UF3_PRAC\\exercici 2\\CrudQueryBuilder\\vendor\\laravel\\framework\\src\\Illuminate\\Pipeline\\Pipeline.php(180): Illuminate\\Foundation\\Http\\Middleware\\PreventRequestsDuringMaintenance->handle(Object(Illuminate\\Http\\Request), Object(Closure))
#40 C:\\xampp\\htdocs\\exercicis MP07\\UF3\\MP07_S4_UF3_PRAC\\exercici 2\\CrudQueryBuilder\\vendor\\laravel\\framework\\src\\Illuminate\\Http\\Middleware\\HandleCors.php(49): Illuminate\\Pipeline\\Pipeline->Illuminate\\Pipeline\\{closure}(Object(Illuminate\\Http\\Request))
#41 C:\\xampp\\htdocs\\exercicis MP07\\UF3\\MP07_S4_UF3_PRAC\\exercici 2\\CrudQueryBuilder\\vendor\\laravel\\framework\\src\\Illuminate\\Pipeline\\Pipeline.php(180): Illuminate\\Http\\Middleware\\HandleCors->handle(Object(Illuminate\\Http\\Request), Object(Closure))
#42 C:\\xampp\\htdocs\\exercicis MP07\\UF3\\MP07_S4_UF3_PRAC\\exercici 2\\CrudQueryBuilder\\vendor\\laravel\\framework\\src\\Illuminate\\Http\\Middleware\\TrustProxies.php(39): Illuminate\\Pipeline\\Pipeline->Illuminate\\Pipeline\\{closure}(Object(Illuminate\\Http\\Request))
#43 C:\\xampp\\htdocs\\exercicis MP07\\UF3\\MP07_S4_UF3_PRAC\\exercici 2\\CrudQueryBuilder\\vendor\\laravel\\framework\\src\\Illuminate\\Pipeline\\Pipeline.php(180): Illuminate\\Http\\Middleware\\TrustProxies->handle(Object(Illuminate\\Http\\Request), Object(Closure))
#44 C:\\xampp\\htdocs\\exercicis MP07\\UF3\\MP07_S4_UF3_PRAC\\exercici 2\\CrudQueryBuilder\\vendor\\laravel\\framework\\src\\Illuminate\\Pipeline\\Pipeline.php(116): Illuminate\\Pipeline\\Pipeline->Illuminate\\Pipeline\\{closure}(Object(Illuminate\\Http\\Request))
#45 C:\\xampp\\htdocs\\exercicis MP07\\UF3\\MP07_S4_UF3_PRAC\\exercici 2\\CrudQueryBuilder\\vendor\\laravel\\framework\\src\\Illuminate\\Foundation\\Http\\Kernel.php(165): Illuminate\\Pipeline\\Pipeline->then(Object(Closure))
#46 C:\\xampp\\htdocs\\exercicis MP07\\UF3\\MP07_S4_UF3_PRAC\\exercici 2\\CrudQueryBuilder\\vendor\\laravel\\framework\\src\\Illuminate\\Foundation\\Http\\Kernel.php(134): Illuminate\\Foundation\\Http\\Kernel->sendRequestThroughRouter(Object(Illuminate\\Http\\Request))
#47 C:\\xampp\\htdocs\\exercicis MP07\\UF3\\MP07_S4_UF3_PRAC\\exercici 2\\CrudQueryBuilder\\public\\index.php(52): Illuminate\\Foundation\\Http\\Kernel->handle(Object(Illuminate\\Http\\Request))
#48 C:\\xampp\\htdocs\\exercicis MP07\\UF3\\MP07_S4_UF3_PRAC\\exercici 2\\CrudQueryBuilder\\vendor\\laravel\\framework\\src\\Illuminate\\Foundation\\resources\\server.php(16): require_once('C:\\\\xampp\\\\htdocs...')
#49 {main}
"} 
[2025-03-23 15:11:49] local.ERROR: View [layouts.app] not found. {"view":{"view":"C:\\xampp\\htdocs\\exercicis MP07\\UF3\\MP07_S4_UF3_PRAC\\exercici 2\\CrudQueryBuilder\\resources\\views\\usuaris\\index.blade.php","data":{"errors":"<pre class=sf-dump id=sf-dump-57366688 data-indent-pad=\"  \"><span class=sf-dump-note>Illuminate\\Support\\ViewErrorBag</span> {<a class=sf-dump-ref>#1234</a><samp data-depth=1 class=sf-dump-expanded>
  #<span class=sf-dump-protected title=\"Protected property\">bags</span>: []
</samp>}
</pre><script>Sfdump(\"sf-dump-57366688\", {\"maxDepth\":3,\"maxStringLength\":160})</script>
","usuaris":"<pre class=sf-dump id=sf-dump-167291377 data-indent-pad=\"  \"><span class=sf-dump-note>Illuminate\\Support\\Collection</span> {<a class=sf-dump-ref>#1249</a><samp data-depth=1 class=sf-dump-expanded>
  #<span class=sf-dump-protected title=\"Protected property\">items</span>: []
  #<span class=sf-dump-protected title=\"Protected property\">escapeWhenCastingToString</span>: <span class=sf-dump-const>false</span>
</samp>}
</pre><script>Sfdump(\"sf-dump-167291377\", {\"maxDepth\":3,\"maxStringLength\":160})</script>
"}},"exception":"[object] (Spatie\\LaravelIgnition\\Exceptions\\ViewException(code: 0): View [layouts.app] not found. at C:\\xampp\\htdocs\\exercicis MP07\\UF3\\MP07_S4_UF3_PRAC\\exercici 2\\CrudQueryBuilder\\vendor\\laravel\\framework\\src\\Illuminate\\View\\FileViewFinder.php:137)
[stacktrace]
#0 C:\\xampp\\htdocs\\exercicis MP07\\UF3\\MP07_S4_UF3_PRAC\\exercici 2\\CrudQueryBuilder\\vendor\\laravel\\framework\\src\\Illuminate\\View\\FileViewFinder.php(79): Illuminate\\View\\FileViewFinder->findInPaths('layouts.app', Array)
#1 C:\\xampp\\htdocs\\exercicis MP07\\UF3\\MP07_S4_UF3_PRAC\\exercici 2\\CrudQueryBuilder\\vendor\\laravel\\framework\\src\\Illuminate\\View\\Factory.php(138): Illuminate\\View\\FileViewFinder->find('layouts.app')
#2 C:\\xampp\\htdocs\\exercicis MP07\\UF3\\MP07_S4_UF3_PRAC\\exercici 2\\CrudQueryBuilder\\resources\\views\\usuaris\\index.blade.php(21): Illuminate\\View\\Factory->make('layouts.app', Array)
#3 C:\\xampp\\htdocs\\exercicis MP07\\UF3\\MP07_S4_UF3_PRAC\\exercici 2\\CrudQueryBuilder\\vendor\\laravel\\framework\\src\\Illuminate\\Filesystem\\Filesystem.php(109): require('C:\\\\xampp\\\\htdocs...')
#4 C:\\xampp\\htdocs\\exercicis MP07\\UF3\\MP07_S4_UF3_PRAC\\exercici 2\\CrudQueryBuilder\\vendor\\laravel\\framework\\src\\Illuminate\\Filesystem\\Filesystem.php(110): Illuminate\\Filesystem\\Filesystem::Illuminate\\Filesystem\\{closure}()
#5 C:\\xampp\\htdocs\\exercicis MP07\\UF3\\MP07_S4_UF3_PRAC\\exercici 2\\CrudQueryBuilder\\vendor\\laravel\\framework\\src\\Illuminate\\View\\Engines\\PhpEngine.php(58): Illuminate\\Filesystem\\Filesystem->getRequire('C:\\\\xampp\\\\htdocs...', Array)
#6 C:\\xampp\\htdocs\\exercicis MP07\\UF3\\MP07_S4_UF3_PRAC\\exercici 2\\CrudQueryBuilder\\vendor\\laravel\\framework\\src\\Illuminate\\View\\Engines\\CompilerEngine.php(70): Illuminate\\View\\Engines\\PhpEngine->evaluatePath('C:\\\\xampp\\\\htdocs...', Array)
#7 C:\\xampp\\htdocs\\exercicis MP07\\UF3\\MP07_S4_UF3_PRAC\\exercici 2\\CrudQueryBuilder\\vendor\\laravel\\framework\\src\\Illuminate\\View\\View.php(195): Illuminate\\View\\Engines\\CompilerEngine->get('C:\\\\xampp\\\\htdocs...', Array)
#8 C:\\xampp\\htdocs\\exercicis MP07\\UF3\\MP07_S4_UF3_PRAC\\exercici 2\\CrudQueryBuilder\\vendor\\laravel\\framework\\src\\Illuminate\\View\\View.php(178): Illuminate\\View\\View->getContents()
#9 C:\\xampp\\htdocs\\exercicis MP07\\UF3\\MP07_S4_UF3_PRAC\\exercici 2\\CrudQueryBuilder\\vendor\\laravel\\framework\\src\\Illuminate\\View\\View.php(147): Illuminate\\View\\View->renderContents()
#10 C:\\xampp\\htdocs\\exercicis MP07\\UF3\\MP07_S4_UF3_PRAC\\exercici 2\\CrudQueryBuilder\\vendor\\laravel\\framework\\src\\Illuminate\\Http\\Response.php(69): Illuminate\\View\\View->render()
#11 C:\\xampp\\htdocs\\exercicis MP07\\UF3\\MP07_S4_UF3_PRAC\\exercici 2\\CrudQueryBuilder\\vendor\\laravel\\framework\\src\\Illuminate\\Http\\Response.php(35): Illuminate\\Http\\Response->setContent(Object(Illuminate\\View\\View))
#12 C:\\xampp\\htdocs\\exercicis MP07\\UF3\\MP07_S4_UF3_PRAC\\exercici 2\\CrudQueryBuilder\\vendor\\laravel\\framework\\src\\Illuminate\\Routing\\Router.php(906): Illuminate\\Http\\Response->__construct(Object(Illuminate\\View\\View), 200, Array)
#13 C:\\xampp\\htdocs\\exercicis MP07\\UF3\\MP07_S4_UF3_PRAC\\exercici 2\\CrudQueryBuilder\\vendor\\laravel\\framework\\src\\Illuminate\\Routing\\Router.php(875): Illuminate\\Routing\\Router::toResponse(Object(Illuminate\\Http\\Request), Object(Illuminate\\View\\View))
#14 C:\\xampp\\htdocs\\exercicis MP07\\UF3\\MP07_S4_UF3_PRAC\\exercici 2\\CrudQueryBuilder\\vendor\\laravel\\framework\\src\\Illuminate\\Routing\\Router.php(798): Illuminate\\Routing\\Router->prepareResponse(Object(Illuminate\\Http\\Request), Object(Illuminate\\View\\View))
#15 C:\\xampp\\htdocs\\exercicis MP07\\UF3\\MP07_S4_UF3_PRAC\\exercici 2\\CrudQueryBuilder\\vendor\\laravel\\framework\\src\\Illuminate\\Pipeline\\Pipeline.php(141): Illuminate\\Routing\\Router->Illuminate\\Routing\\{closure}(Object(Illuminate\\Http\\Request))
#16 C:\\xampp\\htdocs\\exercicis MP07\\UF3\\MP07_S4_UF3_PRAC\\exercici 2\\CrudQueryBuilder\\vendor\\laravel\\framework\\src\\Illuminate\\Routing\\Middleware\\SubstituteBindings.php(50): Illuminate\\Pipeline\\Pipeline->Illuminate\\Pipeline\\{closure}(Object(Illuminate\\Http\\Request))
#17 C:\\xampp\\htdocs\\exercicis MP07\\UF3\\MP07_S4_UF3_PRAC\\exercici 2\\CrudQueryBuilder\\vendor\\laravel\\framework\\src\\Illuminate\\Pipeline\\Pipeline.php(180): Illuminate\\Routing\\Middleware\\SubstituteBindings->handle(Object(Illuminate\\Http\\Request), Object(Closure))
#18 C:\\xampp\\htdocs\\exercicis MP07\\UF3\\MP07_S4_UF3_PRAC\\exercici 2\\CrudQueryBuilder\\vendor\\laravel\\framework\\src\\Illuminate\\Foundation\\Http\\Middleware\\VerifyCsrfToken.php(78): Illuminate\\Pipeline\\Pipeline->Illuminate\\Pipeline\\{closure}(Object(Illuminate\\Http\\Request))
#19 C:\\xampp\\htdocs\\exercicis MP07\\UF3\\MP07_S4_UF3_PRAC\\exercici 2\\CrudQueryBuilder\\vendor\\laravel\\framework\\src\\Illuminate\\Pipeline\\Pipeline.php(180): Illuminate\\Foundation\\Http\\Middleware\\VerifyCsrfToken->handle(Object(Illuminate\\Http\\Request), Object(Closure))
#20 C:\\xampp\\htdocs\\exercicis MP07\\UF3\\MP07_S4_UF3_PRAC\\exercici 2\\CrudQueryBuilder\\vendor\\laravel\\framework\\src\\Illuminate\\View\\Middleware\\ShareErrorsFromSession.php(49): Illuminate\\Pipeline\\Pipeline->Illuminate\\Pipeline\\{closure}(Object(Illuminate\\Http\\Request))
#21 C:\\xampp\\htdocs\\exercicis MP07\\UF3\\MP07_S4_UF3_PRAC\\exercici 2\\CrudQueryBuilder\\vendor\\laravel\\framework\\src\\Illuminate\\Pipeline\\Pipeline.php(180): Illuminate\\View\\Middleware\\ShareErrorsFromSession->handle(Object(Illuminate\\Http\\Request), Object(Closure))
#22 C:\\xampp\\htdocs\\exercicis MP07\\UF3\\MP07_S4_UF3_PRAC\\exercici 2\\CrudQueryBuilder\\vendor\\laravel\\framework\\src\\Illuminate\\Session\\Middleware\\StartSession.php(121): Illuminate\\Pipeline\\Pipeline->Illuminate\\Pipeline\\{closure}(Object(Illuminate\\Http\\Request))
#23 C:\\xampp\\htdocs\\exercicis MP07\\UF3\\MP07_S4_UF3_PRAC\\exercici 2\\CrudQueryBuilder\\vendor\\laravel\\framework\\src\\Illuminate\\Session\\Middleware\\StartSession.php(64): Illuminate\\Session\\Middleware\\StartSession->handleStatefulRequest(Object(Illuminate\\Http\\Request), Object(Illuminate\\Session\\Store), Object(Closure))
#24 C:\\xampp\\htdocs\\exercicis MP07\\UF3\\MP07_S4_UF3_PRAC\\exercici 2\\CrudQueryBuilder\\vendor\\laravel\\framework\\src\\Illuminate\\Pipeline\\Pipeline.php(180): Illuminate\\Session\\Middleware\\StartSession->handle(Object(Illuminate\\Http\\Request), Object(Closure))
#25 C:\\xampp\\htdocs\\exercicis MP07\\UF3\\MP07_S4_UF3_PRAC\\exercici 2\\CrudQueryBuilder\\vendor\\laravel\\framework\\src\\Illuminate\\Cookie\\Middleware\\AddQueuedCookiesToResponse.php(37): Illuminate\\Pipeline\\Pipeline->Illuminate\\Pipeline\\{closure}(Object(Illuminate\\Http\\Request))
#26 C:\\xampp\\htdocs\\exercicis MP07\\UF3\\MP07_S4_UF3_PRAC\\exercici 2\\CrudQueryBuilder\\vendor\\laravel\\framework\\src\\Illuminate\\Pipeline\\Pipeline.php(180): Illuminate\\Cookie\\Middleware\\AddQueuedCookiesToResponse->handle(Object(Illuminate\\Http\\Request), Object(Closure))
#27 C:\\xampp\\htdocs\\exercicis MP07\\UF3\\MP07_S4_UF3_PRAC\\exercici 2\\CrudQueryBuilder\\vendor\\laravel\\framework\\src\\Illuminate\\Cookie\\Middleware\\EncryptCookies.php(67): Illuminate\\Pipeline\\Pipeline->Illuminate\\Pipeline\\{closure}(Object(Illuminate\\Http\\Request))
#28 C:\\xampp\\htdocs\\exercicis MP07\\UF3\\MP07_S4_UF3_PRAC\\exercici 2\\CrudQueryBuilder\\vendor\\laravel\\framework\\src\\Illuminate\\Pipeline\\Pipeline.php(180): Illuminate\\Cookie\\Middleware\\EncryptCookies->handle(Object(Illuminate\\Http\\Request), Object(Closure))
#29 C:\\xampp\\htdocs\\exercicis MP07\\UF3\\MP07_S4_UF3_PRAC\\exercici 2\\CrudQueryBuilder\\vendor\\laravel\\framework\\src\\Illuminate\\Pipeline\\Pipeline.php(116): Illuminate\\Pipeline\\Pipeline->Illuminate\\Pipeline\\{closure}(Object(Illuminate\\Http\\Request))
#30 C:\\xampp\\htdocs\\exercicis MP07\\UF3\\MP07_S4_UF3_PRAC\\exercici 2\\CrudQueryBuilder\\vendor\\laravel\\framework\\src\\Illuminate\\Routing\\Router.php(799): Illuminate\\Pipeline\\Pipeline->then(Object(Closure))
#31 C:\\xampp\\htdocs\\exercicis MP07\\UF3\\MP07_S4_UF3_PRAC\\exercici 2\\CrudQueryBuilder\\vendor\\laravel\\framework\\src\\Illuminate\\Routing\\Router.php(776): Illuminate\\Routing\\Router->runRouteWithinStack(Object(Illuminate\\Routing\\Route), Object(Illuminate\\Http\\Request))
#32 C:\\xampp\\htdocs\\exercicis MP07\\UF3\\MP07_S4_UF3_PRAC\\exercici 2\\CrudQueryBuilder\\vendor\\laravel\\framework\\src\\Illuminate\\Routing\\Router.php(740): Illuminate\\Routing\\Router->runRoute(Object(Illuminate\\Http\\Request), Object(Illuminate\\Routing\\Route))
#33 C:\\xampp\\htdocs\\exercicis MP07\\UF3\\MP07_S4_UF3_PRAC\\exercici 2\\CrudQueryBuilder\\vendor\\laravel\\framework\\src\\Illuminate\\Routing\\Router.php(729): Illuminate\\Routing\\Router->dispatchToRoute(Object(Illuminate\\Http\\Request))
#34 C:\\xampp\\htdocs\\exercicis MP07\\UF3\\MP07_S4_UF3_PRAC\\exercici 2\\CrudQueryBuilder\\vendor\\laravel\\framework\\src\\Illuminate\\Foundation\\Http\\Kernel.php(190): Illuminate\\Routing\\Router->dispatch(Object(Illuminate\\Http\\Request))
#35 C:\\xampp\\htdocs\\exercicis MP07\\UF3\\MP07_S4_UF3_PRAC\\exercici 2\\CrudQueryBuilder\\vendor\\laravel\\framework\\src\\Illuminate\\Pipeline\\Pipeline.php(141): Illuminate\\Foundation\\Http\\Kernel->Illuminate\\Foundation\\Http\\{closure}(Object(Illuminate\\Http\\Request))
#36 C:\\xampp\\htdocs\\exercicis MP07\\UF3\\MP07_S4_UF3_PRAC\\exercici 2\\CrudQueryBuilder\\vendor\\laravel\\framework\\src\\Illuminate\\Foundation\\Http\\Middleware\\TransformsRequest.php(21): Illuminate\\Pipeline\\Pipeline->Illuminate\\Pipeline\\{closure}(Object(Illuminate\\Http\\Request))
#37 C:\\xampp\\htdocs\\exercicis MP07\\UF3\\MP07_S4_UF3_PRAC\\exercici 2\\CrudQueryBuilder\\vendor\\laravel\\framework\\src\\Illuminate\\Foundation\\Http\\Middleware\\ConvertEmptyStringsToNull.php(31): Illuminate\\Foundation\\Http\\Middleware\\TransformsRequest->handle(Object(Illuminate\\Http\\Request), Object(Closure))
#38 C:\\xampp\\htdocs\\exercicis MP07\\UF3\\MP07_S4_UF3_PRAC\\exercici 2\\CrudQueryBuilder\\vendor\\laravel\\framework\\src\\Illuminate\\Pipeline\\Pipeline.php(180): Illuminate\\Foundation\\Http\\Middleware\\ConvertEmptyStringsToNull->handle(Object(Illuminate\\Http\\Request), Object(Closure))
#39 C:\\xampp\\htdocs\\exercicis MP07\\UF3\\MP07_S4_UF3_PRAC\\exercici 2\\CrudQueryBuilder\\vendor\\laravel\\framework\\src\\Illuminate\\Foundation\\Http\\Middleware\\TransformsRequest.php(21): Illuminate\\Pipeline\\Pipeline->Illuminate\\Pipeline\\{closure}(Object(Illuminate\\Http\\Request))
#40 C:\\xampp\\htdocs\\exercicis MP07\\UF3\\MP07_S4_UF3_PRAC\\exercici 2\\CrudQueryBuilder\\vendor\\laravel\\framework\\src\\Illuminate\\Foundation\\Http\\Middleware\\TrimStrings.php(40): Illuminate\\Foundation\\Http\\Middleware\\TransformsRequest->handle(Object(Illuminate\\Http\\Request), Object(Closure))
#41 C:\\xampp\\htdocs\\exercicis MP07\\UF3\\MP07_S4_UF3_PRAC\\exercici 2\\CrudQueryBuilder\\vendor\\laravel\\framework\\src\\Illuminate\\Pipeline\\Pipeline.php(180): Illuminate\\Foundation\\Http\\Middleware\\TrimStrings->handle(Object(Illuminate\\Http\\Request), Object(Closure))
#42 C:\\xampp\\htdocs\\exercicis MP07\\UF3\\MP07_S4_UF3_PRAC\\exercici 2\\CrudQueryBuilder\\vendor\\laravel\\framework\\src\\Illuminate\\Foundation\\Http\\Middleware\\ValidatePostSize.php(27): Illuminate\\Pipeline\\Pipeline->Illuminate\\Pipeline\\{closure}(Object(Illuminate\\Http\\Request))
#43 C:\\xampp\\htdocs\\exercicis MP07\\UF3\\MP07_S4_UF3_PRAC\\exercici 2\\CrudQueryBuilder\\vendor\\laravel\\framework\\src\\Illuminate\\Pipeline\\Pipeline.php(180): Illuminate\\Foundation\\Http\\Middleware\\ValidatePostSize->handle(Object(Illuminate\\Http\\Request), Object(Closure))
#44 C:\\xampp\\htdocs\\exercicis MP07\\UF3\\MP07_S4_UF3_PRAC\\exercici 2\\CrudQueryBuilder\\vendor\\laravel\\framework\\src\\Illuminate\\Foundation\\Http\\Middleware\\PreventRequestsDuringMaintenance.php(86): Illuminate\\Pipeline\\Pipeline->Illuminate\\Pipeline\\{closure}(Object(Illuminate\\Http\\Request))
#45 C:\\xampp\\htdocs\\exercicis MP07\\UF3\\MP07_S4_UF3_PRAC\\exercici 2\\CrudQueryBuilder\\vendor\\laravel\\framework\\src\\Illuminate\\Pipeline\\Pipeline.php(180): Illuminate\\Foundation\\Http\\Middleware\\PreventRequestsDuringMaintenance->handle(Object(Illuminate\\Http\\Request), Object(Closure))
#46 C:\\xampp\\htdocs\\exercicis MP07\\UF3\\MP07_S4_UF3_PRAC\\exercici 2\\CrudQueryBuilder\\vendor\\laravel\\framework\\src\\Illuminate\\Http\\Middleware\\HandleCors.php(49): Illuminate\\Pipeline\\Pipeline->Illuminate\\Pipeline\\{closure}(Object(Illuminate\\Http\\Request))
#47 C:\\xampp\\htdocs\\exercicis MP07\\UF3\\MP07_S4_UF3_PRAC\\exercici 2\\CrudQueryBuilder\\vendor\\laravel\\framework\\src\\Illuminate\\Pipeline\\Pipeline.php(180): Illuminate\\Http\\Middleware\\HandleCors->handle(Object(Illuminate\\Http\\Request), Object(Closure))
#48 C:\\xampp\\htdocs\\exercicis MP07\\UF3\\MP07_S4_UF3_PRAC\\exercici 2\\CrudQueryBuilder\\vendor\\laravel\\framework\\src\\Illuminate\\Http\\Middleware\\TrustProxies.php(39): Illuminate\\Pipeline\\Pipeline->Illuminate\\Pipeline\\{closure}(Object(Illuminate\\Http\\Request))
#49 C:\\xampp\\htdocs\\exercicis MP07\\UF3\\MP07_S4_UF3_PRAC\\exercici 2\\CrudQueryBuilder\\vendor\\laravel\\framework\\src\\Illuminate\\Pipeline\\Pipeline.php(180): Illuminate\\Http\\Middleware\\TrustProxies->handle(Object(Illuminate\\Http\\Request), Object(Closure))
#50 C:\\xampp\\htdocs\\exercicis MP07\\UF3\\MP07_S4_UF3_PRAC\\exercici 2\\CrudQueryBuilder\\vendor\\laravel\\framework\\src\\Illuminate\\Pipeline\\Pipeline.php(116): Illuminate\\Pipeline\\Pipeline->Illuminate\\Pipeline\\{closure}(Object(Illuminate\\Http\\Request))
#51 C:\\xampp\\htdocs\\exercicis MP07\\UF3\\MP07_S4_UF3_PRAC\\exercici 2\\CrudQueryBuilder\\vendor\\laravel\\framework\\src\\Illuminate\\Foundation\\Http\\Kernel.php(165): Illuminate\\Pipeline\\Pipeline->then(Object(Closure))
#52 C:\\xampp\\htdocs\\exercicis MP07\\UF3\\MP07_S4_UF3_PRAC\\exercici 2\\CrudQueryBuilder\\vendor\\laravel\\framework\\src\\Illuminate\\Foundation\\Http\\Kernel.php(134): Illuminate\\Foundation\\Http\\Kernel->sendRequestThroughRouter(Object(Illuminate\\Http\\Request))
#53 C:\\xampp\\htdocs\\exercicis MP07\\UF3\\MP07_S4_UF3_PRAC\\exercici 2\\CrudQueryBuilder\\public\\index.php(52): Illuminate\\Foundation\\Http\\Kernel->handle(Object(Illuminate\\Http\\Request))
#54 C:\\xampp\\htdocs\\exercicis MP07\\UF3\\MP07_S4_UF3_PRAC\\exercici 2\\CrudQueryBuilder\\vendor\\laravel\\framework\\src\\Illuminate\\Foundation\\resources\\server.php(16): require_once('C:\\\\xampp\\\\htdocs...')
#55 {main}

[previous exception] [object] (InvalidArgumentException(code: 0): View [layouts.app] not found. at C:\\xampp\\htdocs\\exercicis MP07\\UF3\\MP07_S4_UF3_PRAC\\exercici 2\\CrudQueryBuilder\\vendor\\laravel\\framework\\src\\Illuminate\\View\\FileViewFinder.php:137)
[stacktrace]
#0 C:\\xampp\\htdocs\\exercicis MP07\\UF3\\MP07_S4_UF3_PRAC\\exercici 2\\CrudQueryBuilder\\vendor\\laravel\\framework\\src\\Illuminate\\View\\FileViewFinder.php(79): Illuminate\\View\\FileViewFinder->findInPaths('layouts.app', Array)
#1 C:\\xampp\\htdocs\\exercicis MP07\\UF3\\MP07_S4_UF3_PRAC\\exercici 2\\CrudQueryBuilder\\vendor\\laravel\\framework\\src\\Illuminate\\View\\Factory.php(138): Illuminate\\View\\FileViewFinder->find('layouts.app')
#2 C:\\xampp\\htdocs\\exercicis MP07\\UF3\\MP07_S4_UF3_PRAC\\exercici 2\\CrudQueryBuilder\\storage\\framework\\views\\d163b5da50fbb1f5bbdd22c16f14381893d897c6.php(23): Illuminate\\View\\Factory->make('layouts.app', Array)
#3 C:\\xampp\\htdocs\\exercicis MP07\\UF3\\MP07_S4_UF3_PRAC\\exercici 2\\CrudQueryBuilder\\vendor\\laravel\\framework\\src\\Illuminate\\Filesystem\\Filesystem.php(109): require('C:\\\\xampp\\\\htdocs...')
#4 C:\\xampp\\htdocs\\exercicis MP07\\UF3\\MP07_S4_UF3_PRAC\\exercici 2\\CrudQueryBuilder\\vendor\\laravel\\framework\\src\\Illuminate\\Filesystem\\Filesystem.php(110): Illuminate\\Filesystem\\Filesystem::Illuminate\\Filesystem\\{closure}()
#5 C:\\xampp\\htdocs\\exercicis MP07\\UF3\\MP07_S4_UF3_PRAC\\exercici 2\\CrudQueryBuilder\\vendor\\laravel\\framework\\src\\Illuminate\\View\\Engines\\PhpEngine.php(58): Illuminate\\Filesystem\\Filesystem->getRequire('C:\\\\xampp\\\\htdocs...', Array)
#6 C:\\xampp\\htdocs\\exercicis MP07\\UF3\\MP07_S4_UF3_PRAC\\exercici 2\\CrudQueryBuilder\\vendor\\laravel\\framework\\src\\Illuminate\\View\\Engines\\CompilerEngine.php(70): Illuminate\\View\\Engines\\PhpEngine->evaluatePath('C:\\\\xampp\\\\htdocs...', Array)
#7 C:\\xampp\\htdocs\\exercicis MP07\\UF3\\MP07_S4_UF3_PRAC\\exercici 2\\CrudQueryBuilder\\vendor\\laravel\\framework\\src\\Illuminate\\View\\View.php(195): Illuminate\\View\\Engines\\CompilerEngine->get('C:\\\\xampp\\\\htdocs...', Array)
#8 C:\\xampp\\htdocs\\exercicis MP07\\UF3\\MP07_S4_UF3_PRAC\\exercici 2\\CrudQueryBuilder\\vendor\\laravel\\framework\\src\\Illuminate\\View\\View.php(178): Illuminate\\View\\View->getContents()
#9 C:\\xampp\\htdocs\\exercicis MP07\\UF3\\MP07_S4_UF3_PRAC\\exercici 2\\CrudQueryBuilder\\vendor\\laravel\\framework\\src\\Illuminate\\View\\View.php(147): Illuminate\\View\\View->renderContents()
#10 C:\\xampp\\htdocs\\exercicis MP07\\UF3\\MP07_S4_UF3_PRAC\\exercici 2\\CrudQueryBuilder\\vendor\\laravel\\framework\\src\\Illuminate\\Http\\Response.php(69): Illuminate\\View\\View->render()
#11 C:\\xampp\\htdocs\\exercicis MP07\\UF3\\MP07_S4_UF3_PRAC\\exercici 2\\CrudQueryBuilder\\vendor\\laravel\\framework\\src\\Illuminate\\Http\\Response.php(35): Illuminate\\Http\\Response->setContent(Object(Illuminate\\View\\View))
#12 C:\\xampp\\htdocs\\exercicis MP07\\UF3\\MP07_S4_UF3_PRAC\\exercici 2\\CrudQueryBuilder\\vendor\\laravel\\framework\\src\\Illuminate\\Routing\\Router.php(906): Illuminate\\Http\\Response->__construct(Object(Illuminate\\View\\View), 200, Array)
#13 C:\\xampp\\htdocs\\exercicis MP07\\UF3\\MP07_S4_UF3_PRAC\\exercici 2\\CrudQueryBuilder\\vendor\\laravel\\framework\\src\\Illuminate\\Routing\\Router.php(875): Illuminate\\Routing\\Router::toResponse(Object(Illuminate\\Http\\Request), Object(Illuminate\\View\\View))
#14 C:\\xampp\\htdocs\\exercicis MP07\\UF3\\MP07_S4_UF3_PRAC\\exercici 2\\CrudQueryBuilder\\vendor\\laravel\\framework\\src\\Illuminate\\Routing\\Router.php(798): Illuminate\\Routing\\Router->prepareResponse(Object(Illuminate\\Http\\Request), Object(Illuminate\\View\\View))
#15 C:\\xampp\\htdocs\\exercicis MP07\\UF3\\MP07_S4_UF3_PRAC\\exercici 2\\CrudQueryBuilder\\vendor\\laravel\\framework\\src\\Illuminate\\Pipeline\\Pipeline.php(141): Illuminate\\Routing\\Router->Illuminate\\Routing\\{closure}(Object(Illuminate\\Http\\Request))
#16 C:\\xampp\\htdocs\\exercicis MP07\\UF3\\MP07_S4_UF3_PRAC\\exercici 2\\CrudQueryBuilder\\vendor\\laravel\\framework\\src\\Illuminate\\Routing\\Middleware\\SubstituteBindings.php(50): Illuminate\\Pipeline\\Pipeline->Illuminate\\Pipeline\\{closure}(Object(Illuminate\\Http\\Request))
#17 C:\\xampp\\htdocs\\exercicis MP07\\UF3\\MP07_S4_UF3_PRAC\\exercici 2\\CrudQueryBuilder\\vendor\\laravel\\framework\\src\\Illuminate\\Pipeline\\Pipeline.php(180): Illuminate\\Routing\\Middleware\\SubstituteBindings->handle(Object(Illuminate\\Http\\Request), Object(Closure))
#18 C:\\xampp\\htdocs\\exercicis MP07\\UF3\\MP07_S4_UF3_PRAC\\exercici 2\\CrudQueryBuilder\\vendor\\laravel\\framework\\src\\Illuminate\\Foundation\\Http\\Middleware\\VerifyCsrfToken.php(78): Illuminate\\Pipeline\\Pipeline->Illuminate\\Pipeline\\{closure}(Object(Illuminate\\Http\\Request))
#19 C:\\xampp\\htdocs\\exercicis MP07\\UF3\\MP07_S4_UF3_PRAC\\exercici 2\\CrudQueryBuilder\\vendor\\laravel\\framework\\src\\Illuminate\\Pipeline\\Pipeline.php(180): Illuminate\\Foundation\\Http\\Middleware\\VerifyCsrfToken->handle(Object(Illuminate\\Http\\Request), Object(Closure))
#20 C:\\xampp\\htdocs\\exercicis MP07\\UF3\\MP07_S4_UF3_PRAC\\exercici 2\\CrudQueryBuilder\\vendor\\laravel\\framework\\src\\Illuminate\\View\\Middleware\\ShareErrorsFromSession.php(49): Illuminate\\Pipeline\\Pipeline->Illuminate\\Pipeline\\{closure}(Object(Illuminate\\Http\\Request))
#21 C:\\xampp\\htdocs\\exercicis MP07\\UF3\\MP07_S4_UF3_PRAC\\exercici 2\\CrudQueryBuilder\\vendor\\laravel\\framework\\src\\Illuminate\\Pipeline\\Pipeline.php(180): Illuminate\\View\\Middleware\\ShareErrorsFromSession->handle(Object(Illuminate\\Http\\Request), Object(Closure))
#22 C:\\xampp\\htdocs\\exercicis MP07\\UF3\\MP07_S4_UF3_PRAC\\exercici 2\\CrudQueryBuilder\\vendor\\laravel\\framework\\src\\Illuminate\\Session\\Middleware\\StartSession.php(121): Illuminate\\Pipeline\\Pipeline->Illuminate\\Pipeline\\{closure}(Object(Illuminate\\Http\\Request))
#23 C:\\xampp\\htdocs\\exercicis MP07\\UF3\\MP07_S4_UF3_PRAC\\exercici 2\\CrudQueryBuilder\\vendor\\laravel\\framework\\src\\Illuminate\\Session\\Middleware\\StartSession.php(64): Illuminate\\Session\\Middleware\\StartSession->handleStatefulRequest(Object(Illuminate\\Http\\Request), Object(Illuminate\\Session\\Store), Object(Closure))
#24 C:\\xampp\\htdocs\\exercicis MP07\\UF3\\MP07_S4_UF3_PRAC\\exercici 2\\CrudQueryBuilder\\vendor\\laravel\\framework\\src\\Illuminate\\Pipeline\\Pipeline.php(180): Illuminate\\Session\\Middleware\\StartSession->handle(Object(Illuminate\\Http\\Request), Object(Closure))
#25 C:\\xampp\\htdocs\\exercicis MP07\\UF3\\MP07_S4_UF3_PRAC\\exercici 2\\CrudQueryBuilder\\vendor\\laravel\\framework\\src\\Illuminate\\Cookie\\Middleware\\AddQueuedCookiesToResponse.php(37): Illuminate\\Pipeline\\Pipeline->Illuminate\\Pipeline\\{closure}(Object(Illuminate\\Http\\Request))
#26 C:\\xampp\\htdocs\\exercicis MP07\\UF3\\MP07_S4_UF3_PRAC\\exercici 2\\CrudQueryBuilder\\vendor\\laravel\\framework\\src\\Illuminate\\Pipeline\\Pipeline.php(180): Illuminate\\Cookie\\Middleware\\AddQueuedCookiesToResponse->handle(Object(Illuminate\\Http\\Request), Object(Closure))
#27 C:\\xampp\\htdocs\\exercicis MP07\\UF3\\MP07_S4_UF3_PRAC\\exercici 2\\CrudQueryBuilder\\vendor\\laravel\\framework\\src\\Illuminate\\Cookie\\Middleware\\EncryptCookies.php(67): Illuminate\\Pipeline\\Pipeline->Illuminate\\Pipeline\\{closure}(Object(Illuminate\\Http\\Request))
#28 C:\\xampp\\htdocs\\exercicis MP07\\UF3\\MP07_S4_UF3_PRAC\\exercici 2\\CrudQueryBuilder\\vendor\\laravel\\framework\\src\\Illuminate\\Pipeline\\Pipeline.php(180): Illuminate\\Cookie\\Middleware\\EncryptCookies->handle(Object(Illuminate\\Http\\Request), Object(Closure))
#29 C:\\xampp\\htdocs\\exercicis MP07\\UF3\\MP07_S4_UF3_PRAC\\exercici 2\\CrudQueryBuilder\\vendor\\laravel\\framework\\src\\Illuminate\\Pipeline\\Pipeline.php(116): Illuminate\\Pipeline\\Pipeline->Illuminate\\Pipeline\\{closure}(Object(Illuminate\\Http\\Request))
#30 C:\\xampp\\htdocs\\exercicis MP07\\UF3\\MP07_S4_UF3_PRAC\\exercici 2\\CrudQueryBuilder\\vendor\\laravel\\framework\\src\\Illuminate\\Routing\\Router.php(799): Illuminate\\Pipeline\\Pipeline->then(Object(Closure))
#31 C:\\xampp\\htdocs\\exercicis MP07\\UF3\\MP07_S4_UF3_PRAC\\exercici 2\\CrudQueryBuilder\\vendor\\laravel\\framework\\src\\Illuminate\\Routing\\Router.php(776): Illuminate\\Routing\\Router->runRouteWithinStack(Object(Illuminate\\Routing\\Route), Object(Illuminate\\Http\\Request))
#32 C:\\xampp\\htdocs\\exercicis MP07\\UF3\\MP07_S4_UF3_PRAC\\exercici 2\\CrudQueryBuilder\\vendor\\laravel\\framework\\src\\Illuminate\\Routing\\Router.php(740): Illuminate\\Routing\\Router->runRoute(Object(Illuminate\\Http\\Request), Object(Illuminate\\Routing\\Route))
#33 C:\\xampp\\htdocs\\exercicis MP07\\UF3\\MP07_S4_UF3_PRAC\\exercici 2\\CrudQueryBuilder\\vendor\\laravel\\framework\\src\\Illuminate\\Routing\\Router.php(729): Illuminate\\Routing\\Router->dispatchToRoute(Object(Illuminate\\Http\\Request))
#34 C:\\xampp\\htdocs\\exercicis MP07\\UF3\\MP07_S4_UF3_PRAC\\exercici 2\\CrudQueryBuilder\\vendor\\laravel\\framework\\src\\Illuminate\\Foundation\\Http\\Kernel.php(190): Illuminate\\Routing\\Router->dispatch(Object(Illuminate\\Http\\Request))
#35 C:\\xampp\\htdocs\\exercicis MP07\\UF3\\MP07_S4_UF3_PRAC\\exercici 2\\CrudQueryBuilder\\vendor\\laravel\\framework\\src\\Illuminate\\Pipeline\\Pipeline.php(141): Illuminate\\Foundation\\Http\\Kernel->Illuminate\\Foundation\\Http\\{closure}(Object(Illuminate\\Http\\Request))
#36 C:\\xampp\\htdocs\\exercicis MP07\\UF3\\MP07_S4_UF3_PRAC\\exercici 2\\CrudQueryBuilder\\vendor\\laravel\\framework\\src\\Illuminate\\Foundation\\Http\\Middleware\\TransformsRequest.php(21): Illuminate\\Pipeline\\Pipeline->Illuminate\\Pipeline\\{closure}(Object(Illuminate\\Http\\Request))
#37 C:\\xampp\\htdocs\\exercicis MP07\\UF3\\MP07_S4_UF3_PRAC\\exercici 2\\CrudQueryBuilder\\vendor\\laravel\\framework\\src\\Illuminate\\Foundation\\Http\\Middleware\\ConvertEmptyStringsToNull.php(31): Illuminate\\Foundation\\Http\\Middleware\\TransformsRequest->handle(Object(Illuminate\\Http\\Request), Object(Closure))
#38 C:\\xampp\\htdocs\\exercicis MP07\\UF3\\MP07_S4_UF3_PRAC\\exercici 2\\CrudQueryBuilder\\vendor\\laravel\\framework\\src\\Illuminate\\Pipeline\\Pipeline.php(180): Illuminate\\Foundation\\Http\\Middleware\\ConvertEmptyStringsToNull->handle(Object(Illuminate\\Http\\Request), Object(Closure))
#39 C:\\xampp\\htdocs\\exercicis MP07\\UF3\\MP07_S4_UF3_PRAC\\exercici 2\\CrudQueryBuilder\\vendor\\laravel\\framework\\src\\Illuminate\\Foundation\\Http\\Middleware\\TransformsRequest.php(21): Illuminate\\Pipeline\\Pipeline->Illuminate\\Pipeline\\{closure}(Object(Illuminate\\Http\\Request))
#40 C:\\xampp\\htdocs\\exercicis MP07\\UF3\\MP07_S4_UF3_PRAC\\exercici 2\\CrudQueryBuilder\\vendor\\laravel\\framework\\src\\Illuminate\\Foundation\\Http\\Middleware\\TrimStrings.php(40): Illuminate\\Foundation\\Http\\Middleware\\TransformsRequest->handle(Object(Illuminate\\Http\\Request), Object(Closure))
#41 C:\\xampp\\htdocs\\exercicis MP07\\UF3\\MP07_S4_UF3_PRAC\\exercici 2\\CrudQueryBuilder\\vendor\\laravel\\framework\\src\\Illuminate\\Pipeline\\Pipeline.php(180): Illuminate\\Foundation\\Http\\Middleware\\TrimStrings->handle(Object(Illuminate\\Http\\Request), Object(Closure))
#42 C:\\xampp\\htdocs\\exercicis MP07\\UF3\\MP07_S4_UF3_PRAC\\exercici 2\\CrudQueryBuilder\\vendor\\laravel\\framework\\src\\Illuminate\\Foundation\\Http\\Middleware\\ValidatePostSize.php(27): Illuminate\\Pipeline\\Pipeline->Illuminate\\Pipeline\\{closure}(Object(Illuminate\\Http\\Request))
#43 C:\\xampp\\htdocs\\exercicis MP07\\UF3\\MP07_S4_UF3_PRAC\\exercici 2\\CrudQueryBuilder\\vendor\\laravel\\framework\\src\\Illuminate\\Pipeline\\Pipeline.php(180): Illuminate\\Foundation\\Http\\Middleware\\ValidatePostSize->handle(Object(Illuminate\\Http\\Request), Object(Closure))
#44 C:\\xampp\\htdocs\\exercicis MP07\\UF3\\MP07_S4_UF3_PRAC\\exercici 2\\CrudQueryBuilder\\vendor\\laravel\\framework\\src\\Illuminate\\Foundation\\Http\\Middleware\\PreventRequestsDuringMaintenance.php(86): Illuminate\\Pipeline\\Pipeline->Illuminate\\Pipeline\\{closure}(Object(Illuminate\\Http\\Request))
#45 C:\\xampp\\htdocs\\exercicis MP07\\UF3\\MP07_S4_UF3_PRAC\\exercici 2\\CrudQueryBuilder\\vendor\\laravel\\framework\\src\\Illuminate\\Pipeline\\Pipeline.php(180): Illuminate\\Foundation\\Http\\Middleware\\PreventRequestsDuringMaintenance->handle(Object(Illuminate\\Http\\Request), Object(Closure))
#46 C:\\xampp\\htdocs\\exercicis MP07\\UF3\\MP07_S4_UF3_PRAC\\exercici 2\\CrudQueryBuilder\\vendor\\laravel\\framework\\src\\Illuminate\\Http\\Middleware\\HandleCors.php(49): Illuminate\\Pipeline\\Pipeline->Illuminate\\Pipeline\\{closure}(Object(Illuminate\\Http\\Request))
#47 C:\\xampp\\htdocs\\exercicis MP07\\UF3\\MP07_S4_UF3_PRAC\\exercici 2\\CrudQueryBuilder\\vendor\\laravel\\framework\\src\\Illuminate\\Pipeline\\Pipeline.php(180): Illuminate\\Http\\Middleware\\HandleCors->handle(Object(Illuminate\\Http\\Request), Object(Closure))
#48 C:\\xampp\\htdocs\\exercicis MP07\\UF3\\MP07_S4_UF3_PRAC\\exercici 2\\CrudQueryBuilder\\vendor\\laravel\\framework\\src\\Illuminate\\Http\\Middleware\\TrustProxies.php(39): Illuminate\\Pipeline\\Pipeline->Illuminate\\Pipeline\\{closure}(Object(Illuminate\\Http\\Request))
#49 C:\\xampp\\htdocs\\exercicis MP07\\UF3\\MP07_S4_UF3_PRAC\\exercici 2\\CrudQueryBuilder\\vendor\\laravel\\framework\\src\\Illuminate\\Pipeline\\Pipeline.php(180): Illuminate\\Http\\Middleware\\TrustProxies->handle(Object(Illuminate\\Http\\Request), Object(Closure))
#50 C:\\xampp\\htdocs\\exercicis MP07\\UF3\\MP07_S4_UF3_PRAC\\exercici 2\\CrudQueryBuilder\\vendor\\laravel\\framework\\src\\Illuminate\\Pipeline\\Pipeline.php(116): Illuminate\\Pipeline\\Pipeline->Illuminate\\Pipeline\\{closure}(Object(Illuminate\\Http\\Request))
#51 C:\\xampp\\htdocs\\exercicis MP07\\UF3\\MP07_S4_UF3_PRAC\\exercici 2\\CrudQueryBuilder\\vendor\\laravel\\framework\\src\\Illuminate\\Foundation\\Http\\Kernel.php(165): Illuminate\\Pipeline\\Pipeline->then(Object(Closure))
#52 C:\\xampp\\htdocs\\exercicis MP07\\UF3\\MP07_S4_UF3_PRAC\\exercici 2\\CrudQueryBuilder\\vendor\\laravel\\framework\\src\\Illuminate\\Foundation\\Http\\Kernel.php(134): Illuminate\\Foundation\\Http\\Kernel->sendRequestThroughRouter(Object(Illuminate\\Http\\Request))
#53 C:\\xampp\\htdocs\\exercicis MP07\\UF3\\MP07_S4_UF3_PRAC\\exercici 2\\CrudQueryBuilder\\public\\index.php(52): Illuminate\\Foundation\\Http\\Kernel->handle(Object(Illuminate\\Http\\Request))
#54 C:\\xampp\\htdocs\\exercicis MP07\\UF3\\MP07_S4_UF3_PRAC\\exercici 2\\CrudQueryBuilder\\vendor\\laravel\\framework\\src\\Illuminate\\Foundation\\resources\\server.php(16): require_once('C:\\\\xampp\\\\htdocs...')
#55 {main}
"} 
[2025-03-23 15:27:07] local.ERROR: Undefined variable $usuariId {"exception":"[object] (ErrorException(code: 0): Undefined variable $usuariId at C:\\xampp\\htdocs\\exercicis MP07\\UF3\\MP07_S4_UF3_PRAC\\exercici 2\\CrudQueryBuilder\\app\\Http\\Requests\\UpdateUsuariRequest.php:30)
[stacktrace]
#0 C:\\xampp\\htdocs\\exercicis MP07\\UF3\\MP07_S4_UF3_PRAC\\exercici 2\\CrudQueryBuilder\\vendor\\laravel\\framework\\src\\Illuminate\\Foundation\\Bootstrap\\HandleExceptions.php(272): Illuminate\\Foundation\\Bootstrap\\HandleExceptions->handleError(2, 'Undefined varia...', 'C:\\\\xampp\\\\htdocs...', 30)
#1 C:\\xampp\\htdocs\\exercicis MP07\\UF3\\MP07_S4_UF3_PRAC\\exercici 2\\CrudQueryBuilder\\app\\Http\\Requests\\UpdateUsuariRequest.php(30): Illuminate\\Foundation\\Bootstrap\\HandleExceptions->Illuminate\\Foundation\\Bootstrap\\{closure}(2, 'Undefined varia...', 'C:\\\\xampp\\\\htdocs...', 30)
#2 C:\\xampp\\htdocs\\exercicis MP07\\UF3\\MP07_S4_UF3_PRAC\\exercici 2\\CrudQueryBuilder\\vendor\\laravel\\framework\\src\\Illuminate\\Container\\BoundMethod.php(36): App\\Http\\Requests\\UpdateUsuariRequest->rules()
#3 C:\\xampp\\htdocs\\exercicis MP07\\UF3\\MP07_S4_UF3_PRAC\\exercici 2\\CrudQueryBuilder\\vendor\\laravel\\framework\\src\\Illuminate\\Container\\Util.php(41): Illuminate\\Container\\BoundMethod::Illuminate\\Container\\{closure}()
#4 C:\\xampp\\htdocs\\exercicis MP07\\UF3\\MP07_S4_UF3_PRAC\\exercici 2\\CrudQueryBuilder\\vendor\\laravel\\framework\\src\\Illuminate\\Container\\BoundMethod.php(93): Illuminate\\Container\\Util::unwrapIfClosure(Object(Closure))
#5 C:\\xampp\\htdocs\\exercicis MP07\\UF3\\MP07_S4_UF3_PRAC\\exercici 2\\CrudQueryBuilder\\vendor\\laravel\\framework\\src\\Illuminate\\Container\\BoundMethod.php(37): Illuminate\\Container\\BoundMethod::callBoundMethod(Object(Illuminate\\Foundation\\Application), Array, Object(Closure))
#6 C:\\xampp\\htdocs\\exercicis MP07\\UF3\\MP07_S4_UF3_PRAC\\exercici 2\\CrudQueryBuilder\\vendor\\laravel\\framework\\src\\Illuminate\\Container\\Container.php(661): Illuminate\\Container\\BoundMethod::call(Object(Illuminate\\Foundation\\Application), Array, Array, NULL)
#7 C:\\xampp\\htdocs\\exercicis MP07\\UF3\\MP07_S4_UF3_PRAC\\exercici 2\\CrudQueryBuilder\\vendor\\laravel\\framework\\src\\Illuminate\\Foundation\\Http\\FormRequest.php(112): Illuminate\\Container\\Container->call(Array)
#8 C:\\xampp\\htdocs\\exercicis MP07\\UF3\\MP07_S4_UF3_PRAC\\exercici 2\\CrudQueryBuilder\\vendor\\laravel\\framework\\src\\Illuminate\\Foundation\\Http\\FormRequest.php(92): Illuminate\\Foundation\\Http\\FormRequest->createDefaultValidator(Object(Illuminate\\Validation\\Factory))
#9 C:\\xampp\\htdocs\\exercicis MP07\\UF3\\MP07_S4_UF3_PRAC\\exercici 2\\CrudQueryBuilder\\vendor\\laravel\\framework\\src\\Illuminate\\Validation\\ValidatesWhenResolvedTrait.php(25): Illuminate\\Foundation\\Http\\FormRequest->getValidatorInstance()
#10 C:\\xampp\\htdocs\\exercicis MP07\\UF3\\MP07_S4_UF3_PRAC\\exercici 2\\CrudQueryBuilder\\vendor\\laravel\\framework\\src\\Illuminate\\Foundation\\Providers\\FormRequestServiceProvider.php(30): Illuminate\\Foundation\\Http\\FormRequest->validateResolved()
#11 C:\\xampp\\htdocs\\exercicis MP07\\UF3\\MP07_S4_UF3_PRAC\\exercici 2\\CrudQueryBuilder\\vendor\\laravel\\framework\\src\\Illuminate\\Container\\Container.php(1279): Illuminate\\Foundation\\Providers\\FormRequestServiceProvider->Illuminate\\Foundation\\Providers\\{closure}(Object(App\\Http\\Requests\\UpdateUsuariRequest), Object(Illuminate\\Foundation\\Application))
#12 C:\\xampp\\htdocs\\exercicis MP07\\UF3\\MP07_S4_UF3_PRAC\\exercici 2\\CrudQueryBuilder\\vendor\\laravel\\framework\\src\\Illuminate\\Container\\Container.php(1244): Illuminate\\Container\\Container->fireCallbackArray(Object(App\\Http\\Requests\\UpdateUsuariRequest), Array)
#13 C:\\xampp\\htdocs\\exercicis MP07\\UF3\\MP07_S4_UF3_PRAC\\exercici 2\\CrudQueryBuilder\\vendor\\laravel\\framework\\src\\Illuminate\\Container\\Container.php(1229): Illuminate\\Container\\Container->fireAfterResolvingCallbacks('App\\\\Http\\\\Reques...', Object(App\\Http\\Requests\\UpdateUsuariRequest))
#14 C:\\xampp\\htdocs\\exercicis MP07\\UF3\\MP07_S4_UF3_PRAC\\exercici 2\\CrudQueryBuilder\\vendor\\laravel\\framework\\src\\Illuminate\\Container\\Container.php(790): Illuminate\\Container\\Container->fireResolvingCallbacks('App\\\\Http\\\\Reques...', Object(App\\Http\\Requests\\UpdateUsuariRequest))
#15 C:\\xampp\\htdocs\\exercicis MP07\\UF3\\MP07_S4_UF3_PRAC\\exercici 2\\CrudQueryBuilder\\vendor\\laravel\\framework\\src\\Illuminate\\Foundation\\Application.php(881): Illuminate\\Container\\Container->resolve('App\\\\Http\\\\Reques...', Array, true)
#16 C:\\xampp\\htdocs\\exercicis MP07\\UF3\\MP07_S4_UF3_PRAC\\exercici 2\\CrudQueryBuilder\\vendor\\laravel\\framework\\src\\Illuminate\\Container\\Container.php(706): Illuminate\\Foundation\\Application->resolve('App\\\\Http\\\\Reques...', Array)
#17 C:\\xampp\\htdocs\\exercicis MP07\\UF3\\MP07_S4_UF3_PRAC\\exercici 2\\CrudQueryBuilder\\vendor\\laravel\\framework\\src\\Illuminate\\Foundation\\Application.php(866): Illuminate\\Container\\Container->make('App\\\\Http\\\\Reques...', Array)
#18 C:\\xampp\\htdocs\\exercicis MP07\\UF3\\MP07_S4_UF3_PRAC\\exercici 2\\CrudQueryBuilder\\vendor\\laravel\\framework\\src\\Illuminate\\Routing\\RouteDependencyResolverTrait.php(85): Illuminate\\Foundation\\Application->make('App\\\\Http\\\\Reques...')
#19 C:\\xampp\\htdocs\\exercicis MP07\\UF3\\MP07_S4_UF3_PRAC\\exercici 2\\CrudQueryBuilder\\vendor\\laravel\\framework\\src\\Illuminate\\Routing\\RouteDependencyResolverTrait.php(50): Illuminate\\Routing\\ControllerDispatcher->transformDependency(Object(ReflectionParameter), Array, Object(stdClass))
#20 C:\\xampp\\htdocs\\exercicis MP07\\UF3\\MP07_S4_UF3_PRAC\\exercici 2\\CrudQueryBuilder\\vendor\\laravel\\framework\\src\\Illuminate\\Routing\\RouteDependencyResolverTrait.php(30): Illuminate\\Routing\\ControllerDispatcher->resolveMethodDependencies(Array, Object(ReflectionMethod))
#21 C:\\xampp\\htdocs\\exercicis MP07\\UF3\\MP07_S4_UF3_PRAC\\exercici 2\\CrudQueryBuilder\\vendor\\laravel\\framework\\src\\Illuminate\\Routing\\ControllerDispatcher.php(60): Illuminate\\Routing\\ControllerDispatcher->resolveClassMethodDependencies(Array, Object(App\\Http\\Controllers\\UsuariController), 'update')
#22 C:\\xampp\\htdocs\\exercicis MP07\\UF3\\MP07_S4_UF3_PRAC\\exercici 2\\CrudQueryBuilder\\vendor\\laravel\\framework\\src\\Illuminate\\Routing\\ControllerDispatcher.php(40): Illuminate\\Routing\\ControllerDispatcher->resolveParameters(Object(Illuminate\\Routing\\Route), Object(App\\Http\\Controllers\\UsuariController), 'update')
#23 C:\\xampp\\htdocs\\exercicis MP07\\UF3\\MP07_S4_UF3_PRAC\\exercici 2\\CrudQueryBuilder\\vendor\\laravel\\framework\\src\\Illuminate\\Routing\\Route.php(260): Illuminate\\Routing\\ControllerDispatcher->dispatch(Object(Illuminate\\Routing\\Route), Object(App\\Http\\Controllers\\UsuariController), 'update')
#24 C:\\xampp\\htdocs\\exercicis MP07\\UF3\\MP07_S4_UF3_PRAC\\exercici 2\\CrudQueryBuilder\\vendor\\laravel\\framework\\src\\Illuminate\\Routing\\Route.php(205): Illuminate\\Routing\\Route->runController()
#25 C:\\xampp\\htdocs\\exercicis MP07\\UF3\\MP07_S4_UF3_PRAC\\exercici 2\\CrudQueryBuilder\\vendor\\laravel\\framework\\src\\Illuminate\\Routing\\Router.php(798): Illuminate\\Routing\\Route->run()
#26 C:\\xampp\\htdocs\\exercicis MP07\\UF3\\MP07_S4_UF3_PRAC\\exercici 2\\CrudQueryBuilder\\vendor\\laravel\\framework\\src\\Illuminate\\Pipeline\\Pipeline.php(141): Illuminate\\Routing\\Router->Illuminate\\Routing\\{closure}(Object(Illuminate\\Http\\Request))
#27 C:\\xampp\\htdocs\\exercicis MP07\\UF3\\MP07_S4_UF3_PRAC\\exercici 2\\CrudQueryBuilder\\vendor\\laravel\\framework\\src\\Illuminate\\Routing\\Middleware\\SubstituteBindings.php(50): Illuminate\\Pipeline\\Pipeline->Illuminate\\Pipeline\\{closure}(Object(Illuminate\\Http\\Request))
#28 C:\\xampp\\htdocs\\exercicis MP07\\UF3\\MP07_S4_UF3_PRAC\\exercici 2\\CrudQueryBuilder\\vendor\\laravel\\framework\\src\\Illuminate\\Pipeline\\Pipeline.php(180): Illuminate\\Routing\\Middleware\\SubstituteBindings->handle(Object(Illuminate\\Http\\Request), Object(Closure))
#29 C:\\xampp\\htdocs\\exercicis MP07\\UF3\\MP07_S4_UF3_PRAC\\exercici 2\\CrudQueryBuilder\\vendor\\laravel\\framework\\src\\Illuminate\\Foundation\\Http\\Middleware\\VerifyCsrfToken.php(78): Illuminate\\Pipeline\\Pipeline->Illuminate\\Pipeline\\{closure}(Object(Illuminate\\Http\\Request))
#30 C:\\xampp\\htdocs\\exercicis MP07\\UF3\\MP07_S4_UF3_PRAC\\exercici 2\\CrudQueryBuilder\\vendor\\laravel\\framework\\src\\Illuminate\\Pipeline\\Pipeline.php(180): Illuminate\\Foundation\\Http\\Middleware\\VerifyCsrfToken->handle(Object(Illuminate\\Http\\Request), Object(Closure))
#31 C:\\xampp\\htdocs\\exercicis MP07\\UF3\\MP07_S4_UF3_PRAC\\exercici 2\\CrudQueryBuilder\\vendor\\laravel\\framework\\src\\Illuminate\\View\\Middleware\\ShareErrorsFromSession.php(49): Illuminate\\Pipeline\\Pipeline->Illuminate\\Pipeline\\{closure}(Object(Illuminate\\Http\\Request))
#32 C:\\xampp\\htdocs\\exercicis MP07\\UF3\\MP07_S4_UF3_PRAC\\exercici 2\\CrudQueryBuilder\\vendor\\laravel\\framework\\src\\Illuminate\\Pipeline\\Pipeline.php(180): Illuminate\\View\\Middleware\\ShareErrorsFromSession->handle(Object(Illuminate\\Http\\Request), Object(Closure))
#33 C:\\xampp\\htdocs\\exercicis MP07\\UF3\\MP07_S4_UF3_PRAC\\exercici 2\\CrudQueryBuilder\\vendor\\laravel\\framework\\src\\Illuminate\\Session\\Middleware\\StartSession.php(121): Illuminate\\Pipeline\\Pipeline->Illuminate\\Pipeline\\{closure}(Object(Illuminate\\Http\\Request))
#34 C:\\xampp\\htdocs\\exercicis MP07\\UF3\\MP07_S4_UF3_PRAC\\exercici 2\\CrudQueryBuilder\\vendor\\laravel\\framework\\src\\Illuminate\\Session\\Middleware\\StartSession.php(64): Illuminate\\Session\\Middleware\\StartSession->handleStatefulRequest(Object(Illuminate\\Http\\Request), Object(Illuminate\\Session\\Store), Object(Closure))
#35 C:\\xampp\\htdocs\\exercicis MP07\\UF3\\MP07_S4_UF3_PRAC\\exercici 2\\CrudQueryBuilder\\vendor\\laravel\\framework\\src\\Illuminate\\Pipeline\\Pipeline.php(180): Illuminate\\Session\\Middleware\\StartSession->handle(Object(Illuminate\\Http\\Request), Object(Closure))
#36 C:\\xampp\\htdocs\\exercicis MP07\\UF3\\MP07_S4_UF3_PRAC\\exercici 2\\CrudQueryBuilder\\vendor\\laravel\\framework\\src\\Illuminate\\Cookie\\Middleware\\AddQueuedCookiesToResponse.php(37): Illuminate\\Pipeline\\Pipeline->Illuminate\\Pipeline\\{closure}(Object(Illuminate\\Http\\Request))
#37 C:\\xampp\\htdocs\\exercicis MP07\\UF3\\MP07_S4_UF3_PRAC\\exercici 2\\CrudQueryBuilder\\vendor\\laravel\\framework\\src\\Illuminate\\Pipeline\\Pipeline.php(180): Illuminate\\Cookie\\Middleware\\AddQueuedCookiesToResponse->handle(Object(Illuminate\\Http\\Request), Object(Closure))
#38 C:\\xampp\\htdocs\\exercicis MP07\\UF3\\MP07_S4_UF3_PRAC\\exercici 2\\CrudQueryBuilder\\vendor\\laravel\\framework\\src\\Illuminate\\Cookie\\Middleware\\EncryptCookies.php(67): Illuminate\\Pipeline\\Pipeline->Illuminate\\Pipeline\\{closure}(Object(Illuminate\\Http\\Request))
#39 C:\\xampp\\htdocs\\exercicis MP07\\UF3\\MP07_S4_UF3_PRAC\\exercici 2\\CrudQueryBuilder\\vendor\\laravel\\framework\\src\\Illuminate\\Pipeline\\Pipeline.php(180): Illuminate\\Cookie\\Middleware\\EncryptCookies->handle(Object(Illuminate\\Http\\Request), Object(Closure))
#40 C:\\xampp\\htdocs\\exercicis MP07\\UF3\\MP07_S4_UF3_PRAC\\exercici 2\\CrudQueryBuilder\\vendor\\laravel\\framework\\src\\Illuminate\\Pipeline\\Pipeline.php(116): Illuminate\\Pipeline\\Pipeline->Illuminate\\Pipeline\\{closure}(Object(Illuminate\\Http\\Request))
#41 C:\\xampp\\htdocs\\exercicis MP07\\UF3\\MP07_S4_UF3_PRAC\\exercici 2\\CrudQueryBuilder\\vendor\\laravel\\framework\\src\\Illuminate\\Routing\\Router.php(799): Illuminate\\Pipeline\\Pipeline->then(Object(Closure))
#42 C:\\xampp\\htdocs\\exercicis MP07\\UF3\\MP07_S4_UF3_PRAC\\exercici 2\\CrudQueryBuilder\\vendor\\laravel\\framework\\src\\Illuminate\\Routing\\Router.php(776): Illuminate\\Routing\\Router->runRouteWithinStack(Object(Illuminate\\Routing\\Route), Object(Illuminate\\Http\\Request))
#43 C:\\xampp\\htdocs\\exercicis MP07\\UF3\\MP07_S4_UF3_PRAC\\exercici 2\\CrudQueryBuilder\\vendor\\laravel\\framework\\src\\Illuminate\\Routing\\Router.php(740): Illuminate\\Routing\\Router->runRoute(Object(Illuminate\\Http\\Request), Object(Illuminate\\Routing\\Route))
#44 C:\\xampp\\htdocs\\exercicis MP07\\UF3\\MP07_S4_UF3_PRAC\\exercici 2\\CrudQueryBuilder\\vendor\\laravel\\framework\\src\\Illuminate\\Routing\\Router.php(729): Illuminate\\Routing\\Router->dispatchToRoute(Object(Illuminate\\Http\\Request))
#45 C:\\xampp\\htdocs\\exercicis MP07\\UF3\\MP07_S4_UF3_PRAC\\exercici 2\\CrudQueryBuilder\\vendor\\laravel\\framework\\src\\Illuminate\\Foundation\\Http\\Kernel.php(190): Illuminate\\Routing\\Router->dispatch(Object(Illuminate\\Http\\Request))
#46 C:\\xampp\\htdocs\\exercicis MP07\\UF3\\MP07_S4_UF3_PRAC\\exercici 2\\CrudQueryBuilder\\vendor\\laravel\\framework\\src\\Illuminate\\Pipeline\\Pipeline.php(141): Illuminate\\Foundation\\Http\\Kernel->Illuminate\\Foundation\\Http\\{closure}(Object(Illuminate\\Http\\Request))
#47 C:\\xampp\\htdocs\\exercicis MP07\\UF3\\MP07_S4_UF3_PRAC\\exercici 2\\CrudQueryBuilder\\vendor\\laravel\\framework\\src\\Illuminate\\Foundation\\Http\\Middleware\\TransformsRequest.php(21): Illuminate\\Pipeline\\Pipeline->Illuminate\\Pipeline\\{closure}(Object(Illuminate\\Http\\Request))
#48 C:\\xampp\\htdocs\\exercicis MP07\\UF3\\MP07_S4_UF3_PRAC\\exercici 2\\CrudQueryBuilder\\vendor\\laravel\\framework\\src\\Illuminate\\Foundation\\Http\\Middleware\\ConvertEmptyStringsToNull.php(31): Illuminate\\Foundation\\Http\\Middleware\\TransformsRequest->handle(Object(Illuminate\\Http\\Request), Object(Closure))
#49 C:\\xampp\\htdocs\\exercicis MP07\\UF3\\MP07_S4_UF3_PRAC\\exercici 2\\CrudQueryBuilder\\vendor\\laravel\\framework\\src\\Illuminate\\Pipeline\\Pipeline.php(180): Illuminate\\Foundation\\Http\\Middleware\\ConvertEmptyStringsToNull->handle(Object(Illuminate\\Http\\Request), Object(Closure))
#50 C:\\xampp\\htdocs\\exercicis MP07\\UF3\\MP07_S4_UF3_PRAC\\exercici 2\\CrudQueryBuilder\\vendor\\laravel\\framework\\src\\Illuminate\\Foundation\\Http\\Middleware\\TransformsRequest.php(21): Illuminate\\Pipeline\\Pipeline->Illuminate\\Pipeline\\{closure}(Object(Illuminate\\Http\\Request))
#51 C:\\xampp\\htdocs\\exercicis MP07\\UF3\\MP07_S4_UF3_PRAC\\exercici 2\\CrudQueryBuilder\\vendor\\laravel\\framework\\src\\Illuminate\\Foundation\\Http\\Middleware\\TrimStrings.php(40): Illuminate\\Foundation\\Http\\Middleware\\TransformsRequest->handle(Object(Illuminate\\Http\\Request), Object(Closure))
#52 C:\\xampp\\htdocs\\exercicis MP07\\UF3\\MP07_S4_UF3_PRAC\\exercici 2\\CrudQueryBuilder\\vendor\\laravel\\framework\\src\\Illuminate\\Pipeline\\Pipeline.php(180): Illuminate\\Foundation\\Http\\Middleware\\TrimStrings->handle(Object(Illuminate\\Http\\Request), Object(Closure))
#53 C:\\xampp\\htdocs\\exercicis MP07\\UF3\\MP07_S4_UF3_PRAC\\exercici 2\\CrudQueryBuilder\\vendor\\laravel\\framework\\src\\Illuminate\\Foundation\\Http\\Middleware\\ValidatePostSize.php(27): Illuminate\\Pipeline\\Pipeline->Illuminate\\Pipeline\\{closure}(Object(Illuminate\\Http\\Request))
#54 C:\\xampp\\htdocs\\exercicis MP07\\UF3\\MP07_S4_UF3_PRAC\\exercici 2\\CrudQueryBuilder\\vendor\\laravel\\framework\\src\\Illuminate\\Pipeline\\Pipeline.php(180): Illuminate\\Foundation\\Http\\Middleware\\ValidatePostSize->handle(Object(Illuminate\\Http\\Request), Object(Closure))
#55 C:\\xampp\\htdocs\\exercicis MP07\\UF3\\MP07_S4_UF3_PRAC\\exercici 2\\CrudQueryBuilder\\vendor\\laravel\\framework\\src\\Illuminate\\Foundation\\Http\\Middleware\\PreventRequestsDuringMaintenance.php(86): Illuminate\\Pipeline\\Pipeline->Illuminate\\Pipeline\\{closure}(Object(Illuminate\\Http\\Request))
#56 C:\\xampp\\htdocs\\exercicis MP07\\UF3\\MP07_S4_UF3_PRAC\\exercici 2\\CrudQueryBuilder\\vendor\\laravel\\framework\\src\\Illuminate\\Pipeline\\Pipeline.php(180): Illuminate\\Foundation\\Http\\Middleware\\PreventRequestsDuringMaintenance->handle(Object(Illuminate\\Http\\Request), Object(Closure))
#57 C:\\xampp\\htdocs\\exercicis MP07\\UF3\\MP07_S4_UF3_PRAC\\exercici 2\\CrudQueryBuilder\\vendor\\laravel\\framework\\src\\Illuminate\\Http\\Middleware\\HandleCors.php(49): Illuminate\\Pipeline\\Pipeline->Illuminate\\Pipeline\\{closure}(Object(Illuminate\\Http\\Request))
#58 C:\\xampp\\htdocs\\exercicis MP07\\UF3\\MP07_S4_UF3_PRAC\\exercici 2\\CrudQueryBuilder\\vendor\\laravel\\framework\\src\\Illuminate\\Pipeline\\Pipeline.php(180): Illuminate\\Http\\Middleware\\HandleCors->handle(Object(Illuminate\\Http\\Request), Object(Closure))
#59 C:\\xampp\\htdocs\\exercicis MP07\\UF3\\MP07_S4_UF3_PRAC\\exercici 2\\CrudQueryBuilder\\vendor\\laravel\\framework\\src\\Illuminate\\Http\\Middleware\\TrustProxies.php(39): Illuminate\\Pipeline\\Pipeline->Illuminate\\Pipeline\\{closure}(Object(Illuminate\\Http\\Request))
#60 C:\\xampp\\htdocs\\exercicis MP07\\UF3\\MP07_S4_UF3_PRAC\\exercici 2\\CrudQueryBuilder\\vendor\\laravel\\framework\\src\\Illuminate\\Pipeline\\Pipeline.php(180): Illuminate\\Http\\Middleware\\TrustProxies->handle(Object(Illuminate\\Http\\Request), Object(Closure))
#61 C:\\xampp\\htdocs\\exercicis MP07\\UF3\\MP07_S4_UF3_PRAC\\exercici 2\\CrudQueryBuilder\\vendor\\laravel\\framework\\src\\Illuminate\\Pipeline\\Pipeline.php(116): Illuminate\\Pipeline\\Pipeline->Illuminate\\Pipeline\\{closure}(Object(Illuminate\\Http\\Request))
#62 C:\\xampp\\htdocs\\exercicis MP07\\UF3\\MP07_S4_UF3_PRAC\\exercici 2\\CrudQueryBuilder\\vendor\\laravel\\framework\\src\\Illuminate\\Foundation\\Http\\Kernel.php(165): Illuminate\\Pipeline\\Pipeline->then(Object(Closure))
#63 C:\\xampp\\htdocs\\exercicis MP07\\UF3\\MP07_S4_UF3_PRAC\\exercici 2\\CrudQueryBuilder\\vendor\\laravel\\framework\\src\\Illuminate\\Foundation\\Http\\Kernel.php(134): Illuminate\\Foundation\\Http\\Kernel->sendRequestThroughRouter(Object(Illuminate\\Http\\Request))
#64 C:\\xampp\\htdocs\\exercicis MP07\\UF3\\MP07_S4_UF3_PRAC\\exercici 2\\CrudQueryBuilder\\public\\index.php(52): Illuminate\\Foundation\\Http\\Kernel->handle(Object(Illuminate\\Http\\Request))
#65 C:\\xampp\\htdocs\\exercicis MP07\\UF3\\MP07_S4_UF3_PRAC\\exercici 2\\CrudQueryBuilder\\vendor\\laravel\\framework\\src\\Illuminate\\Foundation\\resources\\server.php(16): require_once('C:\\\\xampp\\\\htdocs...')
#66 {main}
"} 
[2025-03-23 15:28:49] local.ERROR: SQLSTATE[42S22]: Column not found: 1054 Unknown column 'email1' in 'where clause' (SQL: select count(*) as aggregate from `usuaris` where `email1` = j@gmail.com) {"exception":"[object] (Illuminate\\Database\\QueryException(code: 42S22): SQLSTATE[42S22]: Column not found: 1054 Unknown column 'email1' in 'where clause' (SQL: select count(*) as aggregate from `usuaris` where `email1` = j@gmail.com) at C:\\xampp\\htdocs\\exercicis MP07\\UF3\\MP07_S4_UF3_PRAC\\exercici 2\\CrudQueryBuilder\\vendor\\laravel\\framework\\src\\Illuminate\\Database\\Connection.php:760)
[stacktrace]
#0 C:\\xampp\\htdocs\\exercicis MP07\\UF3\\MP07_S4_UF3_PRAC\\exercici 2\\CrudQueryBuilder\\vendor\\laravel\\framework\\src\\Illuminate\\Database\\Connection.php(720): Illuminate\\Database\\Connection->runQueryCallback('select count(*)...', Array, Object(Closure))
#1 C:\\xampp\\htdocs\\exercicis MP07\\UF3\\MP07_S4_UF3_PRAC\\exercici 2\\CrudQueryBuilder\\vendor\\laravel\\framework\\src\\Illuminate\\Database\\Connection.php(422): Illuminate\\Database\\Connection->run('select count(*)...', Array, Object(Closure))
#2 C:\\xampp\\htdocs\\exercicis MP07\\UF3\\MP07_S4_UF3_PRAC\\exercici 2\\CrudQueryBuilder\\vendor\\laravel\\framework\\src\\Illuminate\\Database\\Query\\Builder.php(2706): Illuminate\\Database\\Connection->select('select count(*)...', Array, false)
#3 C:\\xampp\\htdocs\\exercicis MP07\\UF3\\MP07_S4_UF3_PRAC\\exercici 2\\CrudQueryBuilder\\vendor\\laravel\\framework\\src\\Illuminate\\Database\\Query\\Builder.php(2694): Illuminate\\Database\\Query\\Builder->runSelect()
#4 C:\\xampp\\htdocs\\exercicis MP07\\UF3\\MP07_S4_UF3_PRAC\\exercici 2\\CrudQueryBuilder\\vendor\\laravel\\framework\\src\\Illuminate\\Database\\Query\\Builder.php(3230): Illuminate\\Database\\Query\\Builder->Illuminate\\Database\\Query\\{closure}()
#5 C:\\xampp\\htdocs\\exercicis MP07\\UF3\\MP07_S4_UF3_PRAC\\exercici 2\\CrudQueryBuilder\\vendor\\laravel\\framework\\src\\Illuminate\\Database\\Query\\Builder.php(2695): Illuminate\\Database\\Query\\Builder->onceWithColumns(Array, Object(Closure))
#6 C:\\xampp\\htdocs\\exercicis MP07\\UF3\\MP07_S4_UF3_PRAC\\exercici 2\\CrudQueryBuilder\\vendor\\laravel\\framework\\src\\Illuminate\\Database\\Query\\Builder.php(3157): Illuminate\\Database\\Query\\Builder->get(Array)
#7 C:\\xampp\\htdocs\\exercicis MP07\\UF3\\MP07_S4_UF3_PRAC\\exercici 2\\CrudQueryBuilder\\vendor\\laravel\\framework\\src\\Illuminate\\Database\\Query\\Builder.php(3085): Illuminate\\Database\\Query\\Builder->aggregate('count', Array)
#8 C:\\xampp\\htdocs\\exercicis MP07\\UF3\\MP07_S4_UF3_PRAC\\exercici 2\\CrudQueryBuilder\\vendor\\laravel\\framework\\src\\Illuminate\\Validation\\DatabasePresenceVerifier.php(54): Illuminate\\Database\\Query\\Builder->count()
#9 C:\\xampp\\htdocs\\exercicis MP07\\UF3\\MP07_S4_UF3_PRAC\\exercici 2\\CrudQueryBuilder\\vendor\\laravel\\framework\\src\\Illuminate\\Validation\\Concerns\\ValidatesAttributes.php(928): Illuminate\\Validation\\DatabasePresenceVerifier->getCount('usuaris', 'email1', 'j@gmail.com', NULL, NULL, Array)
#10 C:\\xampp\\htdocs\\exercicis MP07\\UF3\\MP07_S4_UF3_PRAC\\exercici 2\\CrudQueryBuilder\\vendor\\laravel\\framework\\src\\Illuminate\\Validation\\Validator.php(616): Illuminate\\Validation\\Validator->validateUnique('email', 'j@gmail.com', Array, Object(Illuminate\\Validation\\Validator))
#11 C:\\xampp\\htdocs\\exercicis MP07\\UF3\\MP07_S4_UF3_PRAC\\exercici 2\\CrudQueryBuilder\\vendor\\laravel\\framework\\src\\Illuminate\\Validation\\Validator.php(422): Illuminate\\Validation\\Validator->validateAttribute('email', 'Unique')
#12 C:\\xampp\\htdocs\\exercicis MP07\\UF3\\MP07_S4_UF3_PRAC\\exercici 2\\CrudQueryBuilder\\vendor\\laravel\\framework\\src\\Illuminate\\Validation\\Validator.php(453): Illuminate\\Validation\\Validator->passes()
#13 C:\\xampp\\htdocs\\exercicis MP07\\UF3\\MP07_S4_UF3_PRAC\\exercici 2\\CrudQueryBuilder\\vendor\\laravel\\framework\\src\\Illuminate\\Validation\\ValidatesWhenResolvedTrait.php(31): Illuminate\\Validation\\Validator->fails()
#14 C:\\xampp\\htdocs\\exercicis MP07\\UF3\\MP07_S4_UF3_PRAC\\exercici 2\\CrudQueryBuilder\\vendor\\laravel\\framework\\src\\Illuminate\\Foundation\\Providers\\FormRequestServiceProvider.php(30): Illuminate\\Foundation\\Http\\FormRequest->validateResolved()
#15 C:\\xampp\\htdocs\\exercicis MP07\\UF3\\MP07_S4_UF3_PRAC\\exercici 2\\CrudQueryBuilder\\vendor\\laravel\\framework\\src\\Illuminate\\Container\\Container.php(1279): Illuminate\\Foundation\\Providers\\FormRequestServiceProvider->Illuminate\\Foundation\\Providers\\{closure}(Object(App\\Http\\Requests\\UpdateUsuariRequest), Object(Illuminate\\Foundation\\Application))
#16 C:\\xampp\\htdocs\\exercicis MP07\\UF3\\MP07_S4_UF3_PRAC\\exercici 2\\CrudQueryBuilder\\vendor\\laravel\\framework\\src\\Illuminate\\Container\\Container.php(1244): Illuminate\\Container\\Container->fireCallbackArray(Object(App\\Http\\Requests\\UpdateUsuariRequest), Array)
#17 C:\\xampp\\htdocs\\exercicis MP07\\UF3\\MP07_S4_UF3_PRAC\\exercici 2\\CrudQueryBuilder\\vendor\\laravel\\framework\\src\\Illuminate\\Container\\Container.php(1229): Illuminate\\Container\\Container->fireAfterResolvingCallbacks('App\\\\Http\\\\Reques...', Object(App\\Http\\Requests\\UpdateUsuariRequest))
#18 C:\\xampp\\htdocs\\exercicis MP07\\UF3\\MP07_S4_UF3_PRAC\\exercici 2\\CrudQueryBuilder\\vendor\\laravel\\framework\\src\\Illuminate\\Container\\Container.php(790): Illuminate\\Container\\Container->fireResolvingCallbacks('App\\\\Http\\\\Reques...', Object(App\\Http\\Requests\\UpdateUsuariRequest))
#19 C:\\xampp\\htdocs\\exercicis MP07\\UF3\\MP07_S4_UF3_PRAC\\exercici 2\\CrudQueryBuilder\\vendor\\laravel\\framework\\src\\Illuminate\\Foundation\\Application.php(881): Illuminate\\Container\\Container->resolve('App\\\\Http\\\\Reques...', Array, true)
#20 C:\\xampp\\htdocs\\exercicis MP07\\UF3\\MP07_S4_UF3_PRAC\\exercici 2\\CrudQueryBuilder\\vendor\\laravel\\framework\\src\\Illuminate\\Container\\Container.php(706): Illuminate\\Foundation\\Application->resolve('App\\\\Http\\\\Reques...', Array)
#21 C:\\xampp\\htdocs\\exercicis MP07\\UF3\\MP07_S4_UF3_PRAC\\exercici 2\\CrudQueryBuilder\\vendor\\laravel\\framework\\src\\Illuminate\\Foundation\\Application.php(866): Illuminate\\Container\\Container->make('App\\\\Http\\\\Reques...', Array)
#22 C:\\xampp\\htdocs\\exercicis MP07\\UF3\\MP07_S4_UF3_PRAC\\exercici 2\\CrudQueryBuilder\\vendor\\laravel\\framework\\src\\Illuminate\\Routing\\RouteDependencyResolverTrait.php(85): Illuminate\\Foundation\\Application->make('App\\\\Http\\\\Reques...')
#23 C:\\xampp\\htdocs\\exercicis MP07\\UF3\\MP07_S4_UF3_PRAC\\exercici 2\\CrudQueryBuilder\\vendor\\laravel\\framework\\src\\Illuminate\\Routing\\RouteDependencyResolverTrait.php(50): Illuminate\\Routing\\ControllerDispatcher->transformDependency(Object(ReflectionParameter), Array, Object(stdClass))
#24 C:\\xampp\\htdocs\\exercicis MP07\\UF3\\MP07_S4_UF3_PRAC\\exercici 2\\CrudQueryBuilder\\vendor\\laravel\\framework\\src\\Illuminate\\Routing\\RouteDependencyResolverTrait.php(30): Illuminate\\Routing\\ControllerDispatcher->resolveMethodDependencies(Array, Object(ReflectionMethod))
#25 C:\\xampp\\htdocs\\exercicis MP07\\UF3\\MP07_S4_UF3_PRAC\\exercici 2\\CrudQueryBuilder\\vendor\\laravel\\framework\\src\\Illuminate\\Routing\\ControllerDispatcher.php(60): Illuminate\\Routing\\ControllerDispatcher->resolveClassMethodDependencies(Array, Object(App\\Http\\Controllers\\UsuariController), 'update')
#26 C:\\xampp\\htdocs\\exercicis MP07\\UF3\\MP07_S4_UF3_PRAC\\exercici 2\\CrudQueryBuilder\\vendor\\laravel\\framework\\src\\Illuminate\\Routing\\ControllerDispatcher.php(40): Illuminate\\Routing\\ControllerDispatcher->resolveParameters(Object(Illuminate\\Routing\\Route), Object(App\\Http\\Controllers\\UsuariController), 'update')
#27 C:\\xampp\\htdocs\\exercicis MP07\\UF3\\MP07_S4_UF3_PRAC\\exercici 2\\CrudQueryBuilder\\vendor\\laravel\\framework\\src\\Illuminate\\Routing\\Route.php(260): Illuminate\\Routing\\ControllerDispatcher->dispatch(Object(Illuminate\\Routing\\Route), Object(App\\Http\\Controllers\\UsuariController), 'update')
#28 C:\\xampp\\htdocs\\exercicis MP07\\UF3\\MP07_S4_UF3_PRAC\\exercici 2\\CrudQueryBuilder\\vendor\\laravel\\framework\\src\\Illuminate\\Routing\\Route.php(205): Illuminate\\Routing\\Route->runController()
#29 C:\\xampp\\htdocs\\exercicis MP07\\UF3\\MP07_S4_UF3_PRAC\\exercici 2\\CrudQueryBuilder\\vendor\\laravel\\framework\\src\\Illuminate\\Routing\\Router.php(798): Illuminate\\Routing\\Route->run()
#30 C:\\xampp\\htdocs\\exercicis MP07\\UF3\\MP07_S4_UF3_PRAC\\exercici 2\\CrudQueryBuilder\\vendor\\laravel\\framework\\src\\Illuminate\\Pipeline\\Pipeline.php(141): Illuminate\\Routing\\Router->Illuminate\\Routing\\{closure}(Object(Illuminate\\Http\\Request))
#31 C:\\xampp\\htdocs\\exercicis MP07\\UF3\\MP07_S4_UF3_PRAC\\exercici 2\\CrudQueryBuilder\\vendor\\laravel\\framework\\src\\Illuminate\\Routing\\Middleware\\SubstituteBindings.php(50): Illuminate\\Pipeline\\Pipeline->Illuminate\\Pipeline\\{closure}(Object(Illuminate\\Http\\Request))
#32 C:\\xampp\\htdocs\\exercicis MP07\\UF3\\MP07_S4_UF3_PRAC\\exercici 2\\CrudQueryBuilder\\vendor\\laravel\\framework\\src\\Illuminate\\Pipeline\\Pipeline.php(180): Illuminate\\Routing\\Middleware\\SubstituteBindings->handle(Object(Illuminate\\Http\\Request), Object(Closure))
#33 C:\\xampp\\htdocs\\exercicis MP07\\UF3\\MP07_S4_UF3_PRAC\\exercici 2\\CrudQueryBuilder\\vendor\\laravel\\framework\\src\\Illuminate\\Foundation\\Http\\Middleware\\VerifyCsrfToken.php(78): Illuminate\\Pipeline\\Pipeline->Illuminate\\Pipeline\\{closure}(Object(Illuminate\\Http\\Request))
#34 C:\\xampp\\htdocs\\exercicis MP07\\UF3\\MP07_S4_UF3_PRAC\\exercici 2\\CrudQueryBuilder\\vendor\\laravel\\framework\\src\\Illuminate\\Pipeline\\Pipeline.php(180): Illuminate\\Foundation\\Http\\Middleware\\VerifyCsrfToken->handle(Object(Illuminate\\Http\\Request), Object(Closure))
#35 C:\\xampp\\htdocs\\exercicis MP07\\UF3\\MP07_S4_UF3_PRAC\\exercici 2\\CrudQueryBuilder\\vendor\\laravel\\framework\\src\\Illuminate\\View\\Middleware\\ShareErrorsFromSession.php(49): Illuminate\\Pipeline\\Pipeline->Illuminate\\Pipeline\\{closure}(Object(Illuminate\\Http\\Request))
#36 C:\\xampp\\htdocs\\exercicis MP07\\UF3\\MP07_S4_UF3_PRAC\\exercici 2\\CrudQueryBuilder\\vendor\\laravel\\framework\\src\\Illuminate\\Pipeline\\Pipeline.php(180): Illuminate\\View\\Middleware\\ShareErrorsFromSession->handle(Object(Illuminate\\Http\\Request), Object(Closure))
#37 C:\\xampp\\htdocs\\exercicis MP07\\UF3\\MP07_S4_UF3_PRAC\\exercici 2\\CrudQueryBuilder\\vendor\\laravel\\framework\\src\\Illuminate\\Session\\Middleware\\StartSession.php(121): Illuminate\\Pipeline\\Pipeline->Illuminate\\Pipeline\\{closure}(Object(Illuminate\\Http\\Request))
#38 C:\\xampp\\htdocs\\exercicis MP07\\UF3\\MP07_S4_UF3_PRAC\\exercici 2\\CrudQueryBuilder\\vendor\\laravel\\framework\\src\\Illuminate\\Session\\Middleware\\StartSession.php(64): Illuminate\\Session\\Middleware\\StartSession->handleStatefulRequest(Object(Illuminate\\Http\\Request), Object(Illuminate\\Session\\Store), Object(Closure))
#39 C:\\xampp\\htdocs\\exercicis MP07\\UF3\\MP07_S4_UF3_PRAC\\exercici 2\\CrudQueryBuilder\\vendor\\laravel\\framework\\src\\Illuminate\\Pipeline\\Pipeline.php(180): Illuminate\\Session\\Middleware\\StartSession->handle(Object(Illuminate\\Http\\Request), Object(Closure))
#40 C:\\xampp\\htdocs\\exercicis MP07\\UF3\\MP07_S4_UF3_PRAC\\exercici 2\\CrudQueryBuilder\\vendor\\laravel\\framework\\src\\Illuminate\\Cookie\\Middleware\\AddQueuedCookiesToResponse.php(37): Illuminate\\Pipeline\\Pipeline->Illuminate\\Pipeline\\{closure}(Object(Illuminate\\Http\\Request))
#41 C:\\xampp\\htdocs\\exercicis MP07\\UF3\\MP07_S4_UF3_PRAC\\exercici 2\\CrudQueryBuilder\\vendor\\laravel\\framework\\src\\Illuminate\\Pipeline\\Pipeline.php(180): Illuminate\\Cookie\\Middleware\\AddQueuedCookiesToResponse->handle(Object(Illuminate\\Http\\Request), Object(Closure))
#42 C:\\xampp\\htdocs\\exercicis MP07\\UF3\\MP07_S4_UF3_PRAC\\exercici 2\\CrudQueryBuilder\\vendor\\laravel\\framework\\src\\Illuminate\\Cookie\\Middleware\\EncryptCookies.php(67): Illuminate\\Pipeline\\Pipeline->Illuminate\\Pipeline\\{closure}(Object(Illuminate\\Http\\Request))
#43 C:\\xampp\\htdocs\\exercicis MP07\\UF3\\MP07_S4_UF3_PRAC\\exercici 2\\CrudQueryBuilder\\vendor\\laravel\\framework\\src\\Illuminate\\Pipeline\\Pipeline.php(180): Illuminate\\Cookie\\Middleware\\EncryptCookies->handle(Object(Illuminate\\Http\\Request), Object(Closure))
#44 C:\\xampp\\htdocs\\exercicis MP07\\UF3\\MP07_S4_UF3_PRAC\\exercici 2\\CrudQueryBuilder\\vendor\\laravel\\framework\\src\\Illuminate\\Pipeline\\Pipeline.php(116): Illuminate\\Pipeline\\Pipeline->Illuminate\\Pipeline\\{closure}(Object(Illuminate\\Http\\Request))
#45 C:\\xampp\\htdocs\\exercicis MP07\\UF3\\MP07_S4_UF3_PRAC\\exercici 2\\CrudQueryBuilder\\vendor\\laravel\\framework\\src\\Illuminate\\Routing\\Router.php(799): Illuminate\\Pipeline\\Pipeline->then(Object(Closure))
#46 C:\\xampp\\htdocs\\exercicis MP07\\UF3\\MP07_S4_UF3_PRAC\\exercici 2\\CrudQueryBuilder\\vendor\\laravel\\framework\\src\\Illuminate\\Routing\\Router.php(776): Illuminate\\Routing\\Router->runRouteWithinStack(Object(Illuminate\\Routing\\Route), Object(Illuminate\\Http\\Request))
#47 C:\\xampp\\htdocs\\exercicis MP07\\UF3\\MP07_S4_UF3_PRAC\\exercici 2\\CrudQueryBuilder\\vendor\\laravel\\framework\\src\\Illuminate\\Routing\\Router.php(740): Illuminate\\Routing\\Router->runRoute(Object(Illuminate\\Http\\Request), Object(Illuminate\\Routing\\Route))
#48 C:\\xampp\\htdocs\\exercicis MP07\\UF3\\MP07_S4_UF3_PRAC\\exercici 2\\CrudQueryBuilder\\vendor\\laravel\\framework\\src\\Illuminate\\Routing\\Router.php(729): Illuminate\\Routing\\Router->dispatchToRoute(Object(Illuminate\\Http\\Request))
#49 C:\\xampp\\htdocs\\exercicis MP07\\UF3\\MP07_S4_UF3_PRAC\\exercici 2\\CrudQueryBuilder\\vendor\\laravel\\framework\\src\\Illuminate\\Foundation\\Http\\Kernel.php(190): Illuminate\\Routing\\Router->dispatch(Object(Illuminate\\Http\\Request))
#50 C:\\xampp\\htdocs\\exercicis MP07\\UF3\\MP07_S4_UF3_PRAC\\exercici 2\\CrudQueryBuilder\\vendor\\laravel\\framework\\src\\Illuminate\\Pipeline\\Pipeline.php(141): Illuminate\\Foundation\\Http\\Kernel->Illuminate\\Foundation\\Http\\{closure}(Object(Illuminate\\Http\\Request))
#51 C:\\xampp\\htdocs\\exercicis MP07\\UF3\\MP07_S4_UF3_PRAC\\exercici 2\\CrudQueryBuilder\\vendor\\laravel\\framework\\src\\Illuminate\\Foundation\\Http\\Middleware\\TransformsRequest.php(21): Illuminate\\Pipeline\\Pipeline->Illuminate\\Pipeline\\{closure}(Object(Illuminate\\Http\\Request))
#52 C:\\xampp\\htdocs\\exercicis MP07\\UF3\\MP07_S4_UF3_PRAC\\exercici 2\\CrudQueryBuilder\\vendor\\laravel\\framework\\src\\Illuminate\\Foundation\\Http\\Middleware\\ConvertEmptyStringsToNull.php(31): Illuminate\\Foundation\\Http\\Middleware\\TransformsRequest->handle(Object(Illuminate\\Http\\Request), Object(Closure))
#53 C:\\xampp\\htdocs\\exercicis MP07\\UF3\\MP07_S4_UF3_PRAC\\exercici 2\\CrudQueryBuilder\\vendor\\laravel\\framework\\src\\Illuminate\\Pipeline\\Pipeline.php(180): Illuminate\\Foundation\\Http\\Middleware\\ConvertEmptyStringsToNull->handle(Object(Illuminate\\Http\\Request), Object(Closure))
#54 C:\\xampp\\htdocs\\exercicis MP07\\UF3\\MP07_S4_UF3_PRAC\\exercici 2\\CrudQueryBuilder\\vendor\\laravel\\framework\\src\\Illuminate\\Foundation\\Http\\Middleware\\TransformsRequest.php(21): Illuminate\\Pipeline\\Pipeline->Illuminate\\Pipeline\\{closure}(Object(Illuminate\\Http\\Request))
#55 C:\\xampp\\htdocs\\exercicis MP07\\UF3\\MP07_S4_UF3_PRAC\\exercici 2\\CrudQueryBuilder\\vendor\\laravel\\framework\\src\\Illuminate\\Foundation\\Http\\Middleware\\TrimStrings.php(40): Illuminate\\Foundation\\Http\\Middleware\\TransformsRequest->handle(Object(Illuminate\\Http\\Request), Object(Closure))
#56 C:\\xampp\\htdocs\\exercicis MP07\\UF3\\MP07_S4_UF3_PRAC\\exercici 2\\CrudQueryBuilder\\vendor\\laravel\\framework\\src\\Illuminate\\Pipeline\\Pipeline.php(180): Illuminate\\Foundation\\Http\\Middleware\\TrimStrings->handle(Object(Illuminate\\Http\\Request), Object(Closure))
#57 C:\\xampp\\htdocs\\exercicis MP07\\UF3\\MP07_S4_UF3_PRAC\\exercici 2\\CrudQueryBuilder\\vendor\\laravel\\framework\\src\\Illuminate\\Foundation\\Http\\Middleware\\ValidatePostSize.php(27): Illuminate\\Pipeline\\Pipeline->Illuminate\\Pipeline\\{closure}(Object(Illuminate\\Http\\Request))
#58 C:\\xampp\\htdocs\\exercicis MP07\\UF3\\MP07_S4_UF3_PRAC\\exercici 2\\CrudQueryBuilder\\vendor\\laravel\\framework\\src\\Illuminate\\Pipeline\\Pipeline.php(180): Illuminate\\Foundation\\Http\\Middleware\\ValidatePostSize->handle(Object(Illuminate\\Http\\Request), Object(Closure))
#59 C:\\xampp\\htdocs\\exercicis MP07\\UF3\\MP07_S4_UF3_PRAC\\exercici 2\\CrudQueryBuilder\\vendor\\laravel\\framework\\src\\Illuminate\\Foundation\\Http\\Middleware\\PreventRequestsDuringMaintenance.php(86): Illuminate\\Pipeline\\Pipeline->Illuminate\\Pipeline\\{closure}(Object(Illuminate\\Http\\Request))
#60 C:\\xampp\\htdocs\\exercicis MP07\\UF3\\MP07_S4_UF3_PRAC\\exercici 2\\CrudQueryBuilder\\vendor\\laravel\\framework\\src\\Illuminate\\Pipeline\\Pipeline.php(180): Illuminate\\Foundation\\Http\\Middleware\\PreventRequestsDuringMaintenance->handle(Object(Illuminate\\Http\\Request), Object(Closure))
#61 C:\\xampp\\htdocs\\exercicis MP07\\UF3\\MP07_S4_UF3_PRAC\\exercici 2\\CrudQueryBuilder\\vendor\\laravel\\framework\\src\\Illuminate\\Http\\Middleware\\HandleCors.php(49): Illuminate\\Pipeline\\Pipeline->Illuminate\\Pipeline\\{closure}(Object(Illuminate\\Http\\Request))
#62 C:\\xampp\\htdocs\\exercicis MP07\\UF3\\MP07_S4_UF3_PRAC\\exercici 2\\CrudQueryBuilder\\vendor\\laravel\\framework\\src\\Illuminate\\Pipeline\\Pipeline.php(180): Illuminate\\Http\\Middleware\\HandleCors->handle(Object(Illuminate\\Http\\Request), Object(Closure))
#63 C:\\xampp\\htdocs\\exercicis MP07\\UF3\\MP07_S4_UF3_PRAC\\exercici 2\\CrudQueryBuilder\\vendor\\laravel\\framework\\src\\Illuminate\\Http\\Middleware\\TrustProxies.php(39): Illuminate\\Pipeline\\Pipeline->Illuminate\\Pipeline\\{closure}(Object(Illuminate\\Http\\Request))
#64 C:\\xampp\\htdocs\\exercicis MP07\\UF3\\MP07_S4_UF3_PRAC\\exercici 2\\CrudQueryBuilder\\vendor\\laravel\\framework\\src\\Illuminate\\Pipeline\\Pipeline.php(180): Illuminate\\Http\\Middleware\\TrustProxies->handle(Object(Illuminate\\Http\\Request), Object(Closure))
#65 C:\\xampp\\htdocs\\exercicis MP07\\UF3\\MP07_S4_UF3_PRAC\\exercici 2\\CrudQueryBuilder\\vendor\\laravel\\framework\\src\\Illuminate\\Pipeline\\Pipeline.php(116): Illuminate\\Pipeline\\Pipeline->Illuminate\\Pipeline\\{closure}(Object(Illuminate\\Http\\Request))
#66 C:\\xampp\\htdocs\\exercicis MP07\\UF3\\MP07_S4_UF3_PRAC\\exercici 2\\CrudQueryBuilder\\vendor\\laravel\\framework\\src\\Illuminate\\Foundation\\Http\\Kernel.php(165): Illuminate\\Pipeline\\Pipeline->then(Object(Closure))
#67 C:\\xampp\\htdocs\\exercicis MP07\\UF3\\MP07_S4_UF3_PRAC\\exercici 2\\CrudQueryBuilder\\vendor\\laravel\\framework\\src\\Illuminate\\Foundation\\Http\\Kernel.php(134): Illuminate\\Foundation\\Http\\Kernel->sendRequestThroughRouter(Object(Illuminate\\Http\\Request))
#68 C:\\xampp\\htdocs\\exercicis MP07\\UF3\\MP07_S4_UF3_PRAC\\exercici 2\\CrudQueryBuilder\\public\\index.php(52): Illuminate\\Foundation\\Http\\Kernel->handle(Object(Illuminate\\Http\\Request))
#69 C:\\xampp\\htdocs\\exercicis MP07\\UF3\\MP07_S4_UF3_PRAC\\exercici 2\\CrudQueryBuilder\\vendor\\laravel\\framework\\src\\Illuminate\\Foundation\\resources\\server.php(16): require_once('C:\\\\xampp\\\\htdocs...')
#70 {main}

[previous exception] [object] (PDOException(code: 42S22): SQLSTATE[42S22]: Column not found: 1054 Unknown column 'email1' in 'where clause' at C:\\xampp\\htdocs\\exercicis MP07\\UF3\\MP07_S4_UF3_PRAC\\exercici 2\\CrudQueryBuilder\\vendor\\laravel\\framework\\src\\Illuminate\\Database\\Connection.php:414)
[stacktrace]
#0 C:\\xampp\\htdocs\\exercicis MP07\\UF3\\MP07_S4_UF3_PRAC\\exercici 2\\CrudQueryBuilder\\vendor\\laravel\\framework\\src\\Illuminate\\Database\\Connection.php(414): PDO->prepare('select count(*)...')
#1 C:\\xampp\\htdocs\\exercicis MP07\\UF3\\MP07_S4_UF3_PRAC\\exercici 2\\CrudQueryBuilder\\vendor\\laravel\\framework\\src\\Illuminate\\Database\\Connection.php(753): Illuminate\\Database\\Connection->Illuminate\\Database\\{closure}('select count(*)...', Array)
#2 C:\\xampp\\htdocs\\exercicis MP07\\UF3\\MP07_S4_UF3_PRAC\\exercici 2\\CrudQueryBuilder\\vendor\\laravel\\framework\\src\\Illuminate\\Database\\Connection.php(720): Illuminate\\Database\\Connection->runQueryCallback('select count(*)...', Array, Object(Closure))
#3 C:\\xampp\\htdocs\\exercicis MP07\\UF3\\MP07_S4_UF3_PRAC\\exercici 2\\CrudQueryBuilder\\vendor\\laravel\\framework\\src\\Illuminate\\Database\\Connection.php(422): Illuminate\\Database\\Connection->run('select count(*)...', Array, Object(Closure))
#4 C:\\xampp\\htdocs\\exercicis MP07\\UF3\\MP07_S4_UF3_PRAC\\exercici 2\\CrudQueryBuilder\\vendor\\laravel\\framework\\src\\Illuminate\\Database\\Query\\Builder.php(2706): Illuminate\\Database\\Connection->select('select count(*)...', Array, false)
#5 C:\\xampp\\htdocs\\exercicis MP07\\UF3\\MP07_S4_UF3_PRAC\\exercici 2\\CrudQueryBuilder\\vendor\\laravel\\framework\\src\\Illuminate\\Database\\Query\\Builder.php(2694): Illuminate\\Database\\Query\\Builder->runSelect()
#6 C:\\xampp\\htdocs\\exercicis MP07\\UF3\\MP07_S4_UF3_PRAC\\exercici 2\\CrudQueryBuilder\\vendor\\laravel\\framework\\src\\Illuminate\\Database\\Query\\Builder.php(3230): Illuminate\\Database\\Query\\Builder->Illuminate\\Database\\Query\\{closure}()
#7 C:\\xampp\\htdocs\\exercicis MP07\\UF3\\MP07_S4_UF3_PRAC\\exercici 2\\CrudQueryBuilder\\vendor\\laravel\\framework\\src\\Illuminate\\Database\\Query\\Builder.php(2695): Illuminate\\Database\\Query\\Builder->onceWithColumns(Array, Object(Closure))
#8 C:\\xampp\\htdocs\\exercicis MP07\\UF3\\MP07_S4_UF3_PRAC\\exercici 2\\CrudQueryBuilder\\vendor\\laravel\\framework\\src\\Illuminate\\Database\\Query\\Builder.php(3157): Illuminate\\Database\\Query\\Builder->get(Array)
#9 C:\\xampp\\htdocs\\exercicis MP07\\UF3\\MP07_S4_UF3_PRAC\\exercici 2\\CrudQueryBuilder\\vendor\\laravel\\framework\\src\\Illuminate\\Database\\Query\\Builder.php(3085): Illuminate\\Database\\Query\\Builder->aggregate('count', Array)
#10 C:\\xampp\\htdocs\\exercicis MP07\\UF3\\MP07_S4_UF3_PRAC\\exercici 2\\CrudQueryBuilder\\vendor\\laravel\\framework\\src\\Illuminate\\Validation\\DatabasePresenceVerifier.php(54): Illuminate\\Database\\Query\\Builder->count()
#11 C:\\xampp\\htdocs\\exercicis MP07\\UF3\\MP07_S4_UF3_PRAC\\exercici 2\\CrudQueryBuilder\\vendor\\laravel\\framework\\src\\Illuminate\\Validation\\Concerns\\ValidatesAttributes.php(928): Illuminate\\Validation\\DatabasePresenceVerifier->getCount('usuaris', 'email1', 'j@gmail.com', NULL, NULL, Array)
#12 C:\\xampp\\htdocs\\exercicis MP07\\UF3\\MP07_S4_UF3_PRAC\\exercici 2\\CrudQueryBuilder\\vendor\\laravel\\framework\\src\\Illuminate\\Validation\\Validator.php(616): Illuminate\\Validation\\Validator->validateUnique('email', 'j@gmail.com', Array, Object(Illuminate\\Validation\\Validator))
#13 C:\\xampp\\htdocs\\exercicis MP07\\UF3\\MP07_S4_UF3_PRAC\\exercici 2\\CrudQueryBuilder\\vendor\\laravel\\framework\\src\\Illuminate\\Validation\\Validator.php(422): Illuminate\\Validation\\Validator->validateAttribute('email', 'Unique')
#14 C:\\xampp\\htdocs\\exercicis MP07\\UF3\\MP07_S4_UF3_PRAC\\exercici 2\\CrudQueryBuilder\\vendor\\laravel\\framework\\src\\Illuminate\\Validation\\Validator.php(453): Illuminate\\Validation\\Validator->passes()
#15 C:\\xampp\\htdocs\\exercicis MP07\\UF3\\MP07_S4_UF3_PRAC\\exercici 2\\CrudQueryBuilder\\vendor\\laravel\\framework\\src\\Illuminate\\Validation\\ValidatesWhenResolvedTrait.php(31): Illuminate\\Validation\\Validator->fails()
#16 C:\\xampp\\htdocs\\exercicis MP07\\UF3\\MP07_S4_UF3_PRAC\\exercici 2\\CrudQueryBuilder\\vendor\\laravel\\framework\\src\\Illuminate\\Foundation\\Providers\\FormRequestServiceProvider.php(30): Illuminate\\Foundation\\Http\\FormRequest->validateResolved()
#17 C:\\xampp\\htdocs\\exercicis MP07\\UF3\\MP07_S4_UF3_PRAC\\exercici 2\\CrudQueryBuilder\\vendor\\laravel\\framework\\src\\Illuminate\\Container\\Container.php(1279): Illuminate\\Foundation\\Providers\\FormRequestServiceProvider->Illuminate\\Foundation\\Providers\\{closure}(Object(App\\Http\\Requests\\UpdateUsuariRequest), Object(Illuminate\\Foundation\\Application))
#18 C:\\xampp\\htdocs\\exercicis MP07\\UF3\\MP07_S4_UF3_PRAC\\exercici 2\\CrudQueryBuilder\\vendor\\laravel\\framework\\src\\Illuminate\\Container\\Container.php(1244): Illuminate\\Container\\Container->fireCallbackArray(Object(App\\Http\\Requests\\UpdateUsuariRequest), Array)
#19 C:\\xampp\\htdocs\\exercicis MP07\\UF3\\MP07_S4_UF3_PRAC\\exercici 2\\CrudQueryBuilder\\vendor\\laravel\\framework\\src\\Illuminate\\Container\\Container.php(1229): Illuminate\\Container\\Container->fireAfterResolvingCallbacks('App\\\\Http\\\\Reques...', Object(App\\Http\\Requests\\UpdateUsuariRequest))
#20 C:\\xampp\\htdocs\\exercicis MP07\\UF3\\MP07_S4_UF3_PRAC\\exercici 2\\CrudQueryBuilder\\vendor\\laravel\\framework\\src\\Illuminate\\Container\\Container.php(790): Illuminate\\Container\\Container->fireResolvingCallbacks('App\\\\Http\\\\Reques...', Object(App\\Http\\Requests\\UpdateUsuariRequest))
#21 C:\\xampp\\htdocs\\exercicis MP07\\UF3\\MP07_S4_UF3_PRAC\\exercici 2\\CrudQueryBuilder\\vendor\\laravel\\framework\\src\\Illuminate\\Foundation\\Application.php(881): Illuminate\\Container\\Container->resolve('App\\\\Http\\\\Reques...', Array, true)
#22 C:\\xampp\\htdocs\\exercicis MP07\\UF3\\MP07_S4_UF3_PRAC\\exercici 2\\CrudQueryBuilder\\vendor\\laravel\\framework\\src\\Illuminate\\Container\\Container.php(706): Illuminate\\Foundation\\Application->resolve('App\\\\Http\\\\Reques...', Array)
#23 C:\\xampp\\htdocs\\exercicis MP07\\UF3\\MP07_S4_UF3_PRAC\\exercici 2\\CrudQueryBuilder\\vendor\\laravel\\framework\\src\\Illuminate\\Foundation\\Application.php(866): Illuminate\\Container\\Container->make('App\\\\Http\\\\Reques...', Array)
#24 C:\\xampp\\htdocs\\exercicis MP07\\UF3\\MP07_S4_UF3_PRAC\\exercici 2\\CrudQueryBuilder\\vendor\\laravel\\framework\\src\\Illuminate\\Routing\\RouteDependencyResolverTrait.php(85): Illuminate\\Foundation\\Application->make('App\\\\Http\\\\Reques...')
#25 C:\\xampp\\htdocs\\exercicis MP07\\UF3\\MP07_S4_UF3_PRAC\\exercici 2\\CrudQueryBuilder\\vendor\\laravel\\framework\\src\\Illuminate\\Routing\\RouteDependencyResolverTrait.php(50): Illuminate\\Routing\\ControllerDispatcher->transformDependency(Object(ReflectionParameter), Array, Object(stdClass))
#26 C:\\xampp\\htdocs\\exercicis MP07\\UF3\\MP07_S4_UF3_PRAC\\exercici 2\\CrudQueryBuilder\\vendor\\laravel\\framework\\src\\Illuminate\\Routing\\RouteDependencyResolverTrait.php(30): Illuminate\\Routing\\ControllerDispatcher->resolveMethodDependencies(Array, Object(ReflectionMethod))
#27 C:\\xampp\\htdocs\\exercicis MP07\\UF3\\MP07_S4_UF3_PRAC\\exercici 2\\CrudQueryBuilder\\vendor\\laravel\\framework\\src\\Illuminate\\Routing\\ControllerDispatcher.php(60): Illuminate\\Routing\\ControllerDispatcher->resolveClassMethodDependencies(Array, Object(App\\Http\\Controllers\\UsuariController), 'update')
#28 C:\\xampp\\htdocs\\exercicis MP07\\UF3\\MP07_S4_UF3_PRAC\\exercici 2\\CrudQueryBuilder\\vendor\\laravel\\framework\\src\\Illuminate\\Routing\\ControllerDispatcher.php(40): Illuminate\\Routing\\ControllerDispatcher->resolveParameters(Object(Illuminate\\Routing\\Route), Object(App\\Http\\Controllers\\UsuariController), 'update')
#29 C:\\xampp\\htdocs\\exercicis MP07\\UF3\\MP07_S4_UF3_PRAC\\exercici 2\\CrudQueryBuilder\\vendor\\laravel\\framework\\src\\Illuminate\\Routing\\Route.php(260): Illuminate\\Routing\\ControllerDispatcher->dispatch(Object(Illuminate\\Routing\\Route), Object(App\\Http\\Controllers\\UsuariController), 'update')
#30 C:\\xampp\\htdocs\\exercicis MP07\\UF3\\MP07_S4_UF3_PRAC\\exercici 2\\CrudQueryBuilder\\vendor\\laravel\\framework\\src\\Illuminate\\Routing\\Route.php(205): Illuminate\\Routing\\Route->runController()
#31 C:\\xampp\\htdocs\\exercicis MP07\\UF3\\MP07_S4_UF3_PRAC\\exercici 2\\CrudQueryBuilder\\vendor\\laravel\\framework\\src\\Illuminate\\Routing\\Router.php(798): Illuminate\\Routing\\Route->run()
#32 C:\\xampp\\htdocs\\exercicis MP07\\UF3\\MP07_S4_UF3_PRAC\\exercici 2\\CrudQueryBuilder\\vendor\\laravel\\framework\\src\\Illuminate\\Pipeline\\Pipeline.php(141): Illuminate\\Routing\\Router->Illuminate\\Routing\\{closure}(Object(Illuminate\\Http\\Request))
#33 C:\\xampp\\htdocs\\exercicis MP07\\UF3\\MP07_S4_UF3_PRAC\\exercici 2\\CrudQueryBuilder\\vendor\\laravel\\framework\\src\\Illuminate\\Routing\\Middleware\\SubstituteBindings.php(50): Illuminate\\Pipeline\\Pipeline->Illuminate\\Pipeline\\{closure}(Object(Illuminate\\Http\\Request))
#34 C:\\xampp\\htdocs\\exercicis MP07\\UF3\\MP07_S4_UF3_PRAC\\exercici 2\\CrudQueryBuilder\\vendor\\laravel\\framework\\src\\Illuminate\\Pipeline\\Pipeline.php(180): Illuminate\\Routing\\Middleware\\SubstituteBindings->handle(Object(Illuminate\\Http\\Request), Object(Closure))
#35 C:\\xampp\\htdocs\\exercicis MP07\\UF3\\MP07_S4_UF3_PRAC\\exercici 2\\CrudQueryBuilder\\vendor\\laravel\\framework\\src\\Illuminate\\Foundation\\Http\\Middleware\\VerifyCsrfToken.php(78): Illuminate\\Pipeline\\Pipeline->Illuminate\\Pipeline\\{closure}(Object(Illuminate\\Http\\Request))
#36 C:\\xampp\\htdocs\\exercicis MP07\\UF3\\MP07_S4_UF3_PRAC\\exercici 2\\CrudQueryBuilder\\vendor\\laravel\\framework\\src\\Illuminate\\Pipeline\\Pipeline.php(180): Illuminate\\Foundation\\Http\\Middleware\\VerifyCsrfToken->handle(Object(Illuminate\\Http\\Request), Object(Closure))
#37 C:\\xampp\\htdocs\\exercicis MP07\\UF3\\MP07_S4_UF3_PRAC\\exercici 2\\CrudQueryBuilder\\vendor\\laravel\\framework\\src\\Illuminate\\View\\Middleware\\ShareErrorsFromSession.php(49): Illuminate\\Pipeline\\Pipeline->Illuminate\\Pipeline\\{closure}(Object(Illuminate\\Http\\Request))
#38 C:\\xampp\\htdocs\\exercicis MP07\\UF3\\MP07_S4_UF3_PRAC\\exercici 2\\CrudQueryBuilder\\vendor\\laravel\\framework\\src\\Illuminate\\Pipeline\\Pipeline.php(180): Illuminate\\View\\Middleware\\ShareErrorsFromSession->handle(Object(Illuminate\\Http\\Request), Object(Closure))
#39 C:\\xampp\\htdocs\\exercicis MP07\\UF3\\MP07_S4_UF3_PRAC\\exercici 2\\CrudQueryBuilder\\vendor\\laravel\\framework\\src\\Illuminate\\Session\\Middleware\\StartSession.php(121): Illuminate\\Pipeline\\Pipeline->Illuminate\\Pipeline\\{closure}(Object(Illuminate\\Http\\Request))
#40 C:\\xampp\\htdocs\\exercicis MP07\\UF3\\MP07_S4_UF3_PRAC\\exercici 2\\CrudQueryBuilder\\vendor\\laravel\\framework\\src\\Illuminate\\Session\\Middleware\\StartSession.php(64): Illuminate\\Session\\Middleware\\StartSession->handleStatefulRequest(Object(Illuminate\\Http\\Request), Object(Illuminate\\Session\\Store), Object(Closure))
#41 C:\\xampp\\htdocs\\exercicis MP07\\UF3\\MP07_S4_UF3_PRAC\\exercici 2\\CrudQueryBuilder\\vendor\\laravel\\framework\\src\\Illuminate\\Pipeline\\Pipeline.php(180): Illuminate\\Session\\Middleware\\StartSession->handle(Object(Illuminate\\Http\\Request), Object(Closure))
#42 C:\\xampp\\htdocs\\exercicis MP07\\UF3\\MP07_S4_UF3_PRAC\\exercici 2\\CrudQueryBuilder\\vendor\\laravel\\framework\\src\\Illuminate\\Cookie\\Middleware\\AddQueuedCookiesToResponse.php(37): Illuminate\\Pipeline\\Pipeline->Illuminate\\Pipeline\\{closure}(Object(Illuminate\\Http\\Request))
#43 C:\\xampp\\htdocs\\exercicis MP07\\UF3\\MP07_S4_UF3_PRAC\\exercici 2\\CrudQueryBuilder\\vendor\\laravel\\framework\\src\\Illuminate\\Pipeline\\Pipeline.php(180): Illuminate\\Cookie\\Middleware\\AddQueuedCookiesToResponse->handle(Object(Illuminate\\Http\\Request), Object(Closure))
#44 C:\\xampp\\htdocs\\exercicis MP07\\UF3\\MP07_S4_UF3_PRAC\\exercici 2\\CrudQueryBuilder\\vendor\\laravel\\framework\\src\\Illuminate\\Cookie\\Middleware\\EncryptCookies.php(67): Illuminate\\Pipeline\\Pipeline->Illuminate\\Pipeline\\{closure}(Object(Illuminate\\Http\\Request))
#45 C:\\xampp\\htdocs\\exercicis MP07\\UF3\\MP07_S4_UF3_PRAC\\exercici 2\\CrudQueryBuilder\\vendor\\laravel\\framework\\src\\Illuminate\\Pipeline\\Pipeline.php(180): Illuminate\\Cookie\\Middleware\\EncryptCookies->handle(Object(Illuminate\\Http\\Request), Object(Closure))
#46 C:\\xampp\\htdocs\\exercicis MP07\\UF3\\MP07_S4_UF3_PRAC\\exercici 2\\CrudQueryBuilder\\vendor\\laravel\\framework\\src\\Illuminate\\Pipeline\\Pipeline.php(116): Illuminate\\Pipeline\\Pipeline->Illuminate\\Pipeline\\{closure}(Object(Illuminate\\Http\\Request))
#47 C:\\xampp\\htdocs\\exercicis MP07\\UF3\\MP07_S4_UF3_PRAC\\exercici 2\\CrudQueryBuilder\\vendor\\laravel\\framework\\src\\Illuminate\\Routing\\Router.php(799): Illuminate\\Pipeline\\Pipeline->then(Object(Closure))
#48 C:\\xampp\\htdocs\\exercicis MP07\\UF3\\MP07_S4_UF3_PRAC\\exercici 2\\CrudQueryBuilder\\vendor\\laravel\\framework\\src\\Illuminate\\Routing\\Router.php(776): Illuminate\\Routing\\Router->runRouteWithinStack(Object(Illuminate\\Routing\\Route), Object(Illuminate\\Http\\Request))
#49 C:\\xampp\\htdocs\\exercicis MP07\\UF3\\MP07_S4_UF3_PRAC\\exercici 2\\CrudQueryBuilder\\vendor\\laravel\\framework\\src\\Illuminate\\Routing\\Router.php(740): Illuminate\\Routing\\Router->runRoute(Object(Illuminate\\Http\\Request), Object(Illuminate\\Routing\\Route))
#50 C:\\xampp\\htdocs\\exercicis MP07\\UF3\\MP07_S4_UF3_PRAC\\exercici 2\\CrudQueryBuilder\\vendor\\laravel\\framework\\src\\Illuminate\\Routing\\Router.php(729): Illuminate\\Routing\\Router->dispatchToRoute(Object(Illuminate\\Http\\Request))
#51 C:\\xampp\\htdocs\\exercicis MP07\\UF3\\MP07_S4_UF3_PRAC\\exercici 2\\CrudQueryBuilder\\vendor\\laravel\\framework\\src\\Illuminate\\Foundation\\Http\\Kernel.php(190): Illuminate\\Routing\\Router->dispatch(Object(Illuminate\\Http\\Request))
#52 C:\\xampp\\htdocs\\exercicis MP07\\UF3\\MP07_S4_UF3_PRAC\\exercici 2\\CrudQueryBuilder\\vendor\\laravel\\framework\\src\\Illuminate\\Pipeline\\Pipeline.php(141): Illuminate\\Foundation\\Http\\Kernel->Illuminate\\Foundation\\Http\\{closure}(Object(Illuminate\\Http\\Request))
#53 C:\\xampp\\htdocs\\exercicis MP07\\UF3\\MP07_S4_UF3_PRAC\\exercici 2\\CrudQueryBuilder\\vendor\\laravel\\framework\\src\\Illuminate\\Foundation\\Http\\Middleware\\TransformsRequest.php(21): Illuminate\\Pipeline\\Pipeline->Illuminate\\Pipeline\\{closure}(Object(Illuminate\\Http\\Request))
#54 C:\\xampp\\htdocs\\exercicis MP07\\UF3\\MP07_S4_UF3_PRAC\\exercici 2\\CrudQueryBuilder\\vendor\\laravel\\framework\\src\\Illuminate\\Foundation\\Http\\Middleware\\ConvertEmptyStringsToNull.php(31): Illuminate\\Foundation\\Http\\Middleware\\TransformsRequest->handle(Object(Illuminate\\Http\\Request), Object(Closure))
#55 C:\\xampp\\htdocs\\exercicis MP07\\UF3\\MP07_S4_UF3_PRAC\\exercici 2\\CrudQueryBuilder\\vendor\\laravel\\framework\\src\\Illuminate\\Pipeline\\Pipeline.php(180): Illuminate\\Foundation\\Http\\Middleware\\ConvertEmptyStringsToNull->handle(Object(Illuminate\\Http\\Request), Object(Closure))
#56 C:\\xampp\\htdocs\\exercicis MP07\\UF3\\MP07_S4_UF3_PRAC\\exercici 2\\CrudQueryBuilder\\vendor\\laravel\\framework\\src\\Illuminate\\Foundation\\Http\\Middleware\\TransformsRequest.php(21): Illuminate\\Pipeline\\Pipeline->Illuminate\\Pipeline\\{closure}(Object(Illuminate\\Http\\Request))
#57 C:\\xampp\\htdocs\\exercicis MP07\\UF3\\MP07_S4_UF3_PRAC\\exercici 2\\CrudQueryBuilder\\vendor\\laravel\\framework\\src\\Illuminate\\Foundation\\Http\\Middleware\\TrimStrings.php(40): Illuminate\\Foundation\\Http\\Middleware\\TransformsRequest->handle(Object(Illuminate\\Http\\Request), Object(Closure))
#58 C:\\xampp\\htdocs\\exercicis MP07\\UF3\\MP07_S4_UF3_PRAC\\exercici 2\\CrudQueryBuilder\\vendor\\laravel\\framework\\src\\Illuminate\\Pipeline\\Pipeline.php(180): Illuminate\\Foundation\\Http\\Middleware\\TrimStrings->handle(Object(Illuminate\\Http\\Request), Object(Closure))
#59 C:\\xampp\\htdocs\\exercicis MP07\\UF3\\MP07_S4_UF3_PRAC\\exercici 2\\CrudQueryBuilder\\vendor\\laravel\\framework\\src\\Illuminate\\Foundation\\Http\\Middleware\\ValidatePostSize.php(27): Illuminate\\Pipeline\\Pipeline->Illuminate\\Pipeline\\{closure}(Object(Illuminate\\Http\\Request))
#60 C:\\xampp\\htdocs\\exercicis MP07\\UF3\\MP07_S4_UF3_PRAC\\exercici 2\\CrudQueryBuilder\\vendor\\laravel\\framework\\src\\Illuminate\\Pipeline\\Pipeline.php(180): Illuminate\\Foundation\\Http\\Middleware\\ValidatePostSize->handle(Object(Illuminate\\Http\\Request), Object(Closure))
#61 C:\\xampp\\htdocs\\exercicis MP07\\UF3\\MP07_S4_UF3_PRAC\\exercici 2\\CrudQueryBuilder\\vendor\\laravel\\framework\\src\\Illuminate\\Foundation\\Http\\Middleware\\PreventRequestsDuringMaintenance.php(86): Illuminate\\Pipeline\\Pipeline->Illuminate\\Pipeline\\{closure}(Object(Illuminate\\Http\\Request))
#62 C:\\xampp\\htdocs\\exercicis MP07\\UF3\\MP07_S4_UF3_PRAC\\exercici 2\\CrudQueryBuilder\\vendor\\laravel\\framework\\src\\Illuminate\\Pipeline\\Pipeline.php(180): Illuminate\\Foundation\\Http\\Middleware\\PreventRequestsDuringMaintenance->handle(Object(Illuminate\\Http\\Request), Object(Closure))
#63 C:\\xampp\\htdocs\\exercicis MP07\\UF3\\MP07_S4_UF3_PRAC\\exercici 2\\CrudQueryBuilder\\vendor\\laravel\\framework\\src\\Illuminate\\Http\\Middleware\\HandleCors.php(49): Illuminate\\Pipeline\\Pipeline->Illuminate\\Pipeline\\{closure}(Object(Illuminate\\Http\\Request))
#64 C:\\xampp\\htdocs\\exercicis MP07\\UF3\\MP07_S4_UF3_PRAC\\exercici 2\\CrudQueryBuilder\\vendor\\laravel\\framework\\src\\Illuminate\\Pipeline\\Pipeline.php(180): Illuminate\\Http\\Middleware\\HandleCors->handle(Object(Illuminate\\Http\\Request), Object(Closure))
#65 C:\\xampp\\htdocs\\exercicis MP07\\UF3\\MP07_S4_UF3_PRAC\\exercici 2\\CrudQueryBuilder\\vendor\\laravel\\framework\\src\\Illuminate\\Http\\Middleware\\TrustProxies.php(39): Illuminate\\Pipeline\\Pipeline->Illuminate\\Pipeline\\{closure}(Object(Illuminate\\Http\\Request))
#66 C:\\xampp\\htdocs\\exercicis MP07\\UF3\\MP07_S4_UF3_PRAC\\exercici 2\\CrudQueryBuilder\\vendor\\laravel\\framework\\src\\Illuminate\\Pipeline\\Pipeline.php(180): Illuminate\\Http\\Middleware\\TrustProxies->handle(Object(Illuminate\\Http\\Request), Object(Closure))
#67 C:\\xampp\\htdocs\\exercicis MP07\\UF3\\MP07_S4_UF3_PRAC\\exercici 2\\CrudQueryBuilder\\vendor\\laravel\\framework\\src\\Illuminate\\Pipeline\\Pipeline.php(116): Illuminate\\Pipeline\\Pipeline->Illuminate\\Pipeline\\{closure}(Object(Illuminate\\Http\\Request))
#68 C:\\xampp\\htdocs\\exercicis MP07\\UF3\\MP07_S4_UF3_PRAC\\exercici 2\\CrudQueryBuilder\\vendor\\laravel\\framework\\src\\Illuminate\\Foundation\\Http\\Kernel.php(165): Illuminate\\Pipeline\\Pipeline->then(Object(Closure))
#69 C:\\xampp\\htdocs\\exercicis MP07\\UF3\\MP07_S4_UF3_PRAC\\exercici 2\\CrudQueryBuilder\\vendor\\laravel\\framework\\src\\Illuminate\\Foundation\\Http\\Kernel.php(134): Illuminate\\Foundation\\Http\\Kernel->sendRequestThroughRouter(Object(Illuminate\\Http\\Request))
#70 C:\\xampp\\htdocs\\exercicis MP07\\UF3\\MP07_S4_UF3_PRAC\\exercici 2\\CrudQueryBuilder\\public\\index.php(52): Illuminate\\Foundation\\Http\\Kernel->handle(Object(Illuminate\\Http\\Request))
#71 C:\\xampp\\htdocs\\exercicis MP07\\UF3\\MP07_S4_UF3_PRAC\\exercici 2\\CrudQueryBuilder\\vendor\\laravel\\framework\\src\\Illuminate\\Foundation\\resources\\server.php(16): require_once('C:\\\\xampp\\\\htdocs...')
#72 {main}
"} 
[2025-03-23 15:49:16] local.ERROR: SQLSTATE[42S22]: Column not found: 1054 Unknown column 'email1' in 'where clause' (SQL: select count(*) as aggregate from `usuaris` where `email1` = j@gmail.com) {"exception":"[object] (Illuminate\\Database\\QueryException(code: 42S22): SQLSTATE[42S22]: Column not found: 1054 Unknown column 'email1' in 'where clause' (SQL: select count(*) as aggregate from `usuaris` where `email1` = j@gmail.com) at C:\\xampp\\htdocs\\exercicis MP07\\UF3\\MP07_S4_UF3_PRAC\\exercici 2\\CrudQueryBuilder\\vendor\\laravel\\framework\\src\\Illuminate\\Database\\Connection.php:760)
[stacktrace]
#0 C:\\xampp\\htdocs\\exercicis MP07\\UF3\\MP07_S4_UF3_PRAC\\exercici 2\\CrudQueryBuilder\\vendor\\laravel\\framework\\src\\Illuminate\\Database\\Connection.php(720): Illuminate\\Database\\Connection->runQueryCallback('select count(*)...', Array, Object(Closure))
#1 C:\\xampp\\htdocs\\exercicis MP07\\UF3\\MP07_S4_UF3_PRAC\\exercici 2\\CrudQueryBuilder\\vendor\\laravel\\framework\\src\\Illuminate\\Database\\Connection.php(422): Illuminate\\Database\\Connection->run('select count(*)...', Array, Object(Closure))
#2 C:\\xampp\\htdocs\\exercicis MP07\\UF3\\MP07_S4_UF3_PRAC\\exercici 2\\CrudQueryBuilder\\vendor\\laravel\\framework\\src\\Illuminate\\Database\\Query\\Builder.php(2706): Illuminate\\Database\\Connection->select('select count(*)...', Array, false)
#3 C:\\xampp\\htdocs\\exercicis MP07\\UF3\\MP07_S4_UF3_PRAC\\exercici 2\\CrudQueryBuilder\\vendor\\laravel\\framework\\src\\Illuminate\\Database\\Query\\Builder.php(2694): Illuminate\\Database\\Query\\Builder->runSelect()
#4 C:\\xampp\\htdocs\\exercicis MP07\\UF3\\MP07_S4_UF3_PRAC\\exercici 2\\CrudQueryBuilder\\vendor\\laravel\\framework\\src\\Illuminate\\Database\\Query\\Builder.php(3230): Illuminate\\Database\\Query\\Builder->Illuminate\\Database\\Query\\{closure}()
#5 C:\\xampp\\htdocs\\exercicis MP07\\UF3\\MP07_S4_UF3_PRAC\\exercici 2\\CrudQueryBuilder\\vendor\\laravel\\framework\\src\\Illuminate\\Database\\Query\\Builder.php(2695): Illuminate\\Database\\Query\\Builder->onceWithColumns(Array, Object(Closure))
#6 C:\\xampp\\htdocs\\exercicis MP07\\UF3\\MP07_S4_UF3_PRAC\\exercici 2\\CrudQueryBuilder\\vendor\\laravel\\framework\\src\\Illuminate\\Database\\Query\\Builder.php(3157): Illuminate\\Database\\Query\\Builder->get(Array)
#7 C:\\xampp\\htdocs\\exercicis MP07\\UF3\\MP07_S4_UF3_PRAC\\exercici 2\\CrudQueryBuilder\\vendor\\laravel\\framework\\src\\Illuminate\\Database\\Query\\Builder.php(3085): Illuminate\\Database\\Query\\Builder->aggregate('count', Array)
#8 C:\\xampp\\htdocs\\exercicis MP07\\UF3\\MP07_S4_UF3_PRAC\\exercici 2\\CrudQueryBuilder\\vendor\\laravel\\framework\\src\\Illuminate\\Validation\\DatabasePresenceVerifier.php(54): Illuminate\\Database\\Query\\Builder->count()
#9 C:\\xampp\\htdocs\\exercicis MP07\\UF3\\MP07_S4_UF3_PRAC\\exercici 2\\CrudQueryBuilder\\vendor\\laravel\\framework\\src\\Illuminate\\Validation\\Concerns\\ValidatesAttributes.php(928): Illuminate\\Validation\\DatabasePresenceVerifier->getCount('usuaris', 'email1', 'j@gmail.com', NULL, NULL, Array)
#10 C:\\xampp\\htdocs\\exercicis MP07\\UF3\\MP07_S4_UF3_PRAC\\exercici 2\\CrudQueryBuilder\\vendor\\laravel\\framework\\src\\Illuminate\\Validation\\Validator.php(616): Illuminate\\Validation\\Validator->validateUnique('email', 'j@gmail.com', Array, Object(Illuminate\\Validation\\Validator))
#11 C:\\xampp\\htdocs\\exercicis MP07\\UF3\\MP07_S4_UF3_PRAC\\exercici 2\\CrudQueryBuilder\\vendor\\laravel\\framework\\src\\Illuminate\\Validation\\Validator.php(422): Illuminate\\Validation\\Validator->validateAttribute('email', 'Unique')
#12 C:\\xampp\\htdocs\\exercicis MP07\\UF3\\MP07_S4_UF3_PRAC\\exercici 2\\CrudQueryBuilder\\vendor\\laravel\\framework\\src\\Illuminate\\Validation\\Validator.php(453): Illuminate\\Validation\\Validator->passes()
#13 C:\\xampp\\htdocs\\exercicis MP07\\UF3\\MP07_S4_UF3_PRAC\\exercici 2\\CrudQueryBuilder\\vendor\\laravel\\framework\\src\\Illuminate\\Validation\\ValidatesWhenResolvedTrait.php(31): Illuminate\\Validation\\Validator->fails()
#14 C:\\xampp\\htdocs\\exercicis MP07\\UF3\\MP07_S4_UF3_PRAC\\exercici 2\\CrudQueryBuilder\\vendor\\laravel\\framework\\src\\Illuminate\\Foundation\\Providers\\FormRequestServiceProvider.php(30): Illuminate\\Foundation\\Http\\FormRequest->validateResolved()
#15 C:\\xampp\\htdocs\\exercicis MP07\\UF3\\MP07_S4_UF3_PRAC\\exercici 2\\CrudQueryBuilder\\vendor\\laravel\\framework\\src\\Illuminate\\Container\\Container.php(1279): Illuminate\\Foundation\\Providers\\FormRequestServiceProvider->Illuminate\\Foundation\\Providers\\{closure}(Object(App\\Http\\Requests\\UpdateUsuariRequest), Object(Illuminate\\Foundation\\Application))
#16 C:\\xampp\\htdocs\\exercicis MP07\\UF3\\MP07_S4_UF3_PRAC\\exercici 2\\CrudQueryBuilder\\vendor\\laravel\\framework\\src\\Illuminate\\Container\\Container.php(1244): Illuminate\\Container\\Container->fireCallbackArray(Object(App\\Http\\Requests\\UpdateUsuariRequest), Array)
#17 C:\\xampp\\htdocs\\exercicis MP07\\UF3\\MP07_S4_UF3_PRAC\\exercici 2\\CrudQueryBuilder\\vendor\\laravel\\framework\\src\\Illuminate\\Container\\Container.php(1229): Illuminate\\Container\\Container->fireAfterResolvingCallbacks('App\\\\Http\\\\Reques...', Object(App\\Http\\Requests\\UpdateUsuariRequest))
#18 C:\\xampp\\htdocs\\exercicis MP07\\UF3\\MP07_S4_UF3_PRAC\\exercici 2\\CrudQueryBuilder\\vendor\\laravel\\framework\\src\\Illuminate\\Container\\Container.php(790): Illuminate\\Container\\Container->fireResolvingCallbacks('App\\\\Http\\\\Reques...', Object(App\\Http\\Requests\\UpdateUsuariRequest))
#19 C:\\xampp\\htdocs\\exercicis MP07\\UF3\\MP07_S4_UF3_PRAC\\exercici 2\\CrudQueryBuilder\\vendor\\laravel\\framework\\src\\Illuminate\\Foundation\\Application.php(881): Illuminate\\Container\\Container->resolve('App\\\\Http\\\\Reques...', Array, true)
#20 C:\\xampp\\htdocs\\exercicis MP07\\UF3\\MP07_S4_UF3_PRAC\\exercici 2\\CrudQueryBuilder\\vendor\\laravel\\framework\\src\\Illuminate\\Container\\Container.php(706): Illuminate\\Foundation\\Application->resolve('App\\\\Http\\\\Reques...', Array)
#21 C:\\xampp\\htdocs\\exercicis MP07\\UF3\\MP07_S4_UF3_PRAC\\exercici 2\\CrudQueryBuilder\\vendor\\laravel\\framework\\src\\Illuminate\\Foundation\\Application.php(866): Illuminate\\Container\\Container->make('App\\\\Http\\\\Reques...', Array)
#22 C:\\xampp\\htdocs\\exercicis MP07\\UF3\\MP07_S4_UF3_PRAC\\exercici 2\\CrudQueryBuilder\\vendor\\laravel\\framework\\src\\Illuminate\\Routing\\RouteDependencyResolverTrait.php(85): Illuminate\\Foundation\\Application->make('App\\\\Http\\\\Reques...')
#23 C:\\xampp\\htdocs\\exercicis MP07\\UF3\\MP07_S4_UF3_PRAC\\exercici 2\\CrudQueryBuilder\\vendor\\laravel\\framework\\src\\Illuminate\\Routing\\RouteDependencyResolverTrait.php(50): Illuminate\\Routing\\ControllerDispatcher->transformDependency(Object(ReflectionParameter), Array, Object(stdClass))
#24 C:\\xampp\\htdocs\\exercicis MP07\\UF3\\MP07_S4_UF3_PRAC\\exercici 2\\CrudQueryBuilder\\vendor\\laravel\\framework\\src\\Illuminate\\Routing\\RouteDependencyResolverTrait.php(30): Illuminate\\Routing\\ControllerDispatcher->resolveMethodDependencies(Array, Object(ReflectionMethod))
#25 C:\\xampp\\htdocs\\exercicis MP07\\UF3\\MP07_S4_UF3_PRAC\\exercici 2\\CrudQueryBuilder\\vendor\\laravel\\framework\\src\\Illuminate\\Routing\\ControllerDispatcher.php(60): Illuminate\\Routing\\ControllerDispatcher->resolveClassMethodDependencies(Array, Object(App\\Http\\Controllers\\UsuariController), 'update')
#26 C:\\xampp\\htdocs\\exercicis MP07\\UF3\\MP07_S4_UF3_PRAC\\exercici 2\\CrudQueryBuilder\\vendor\\laravel\\framework\\src\\Illuminate\\Routing\\ControllerDispatcher.php(40): Illuminate\\Routing\\ControllerDispatcher->resolveParameters(Object(Illuminate\\Routing\\Route), Object(App\\Http\\Controllers\\UsuariController), 'update')
#27 C:\\xampp\\htdocs\\exercicis MP07\\UF3\\MP07_S4_UF3_PRAC\\exercici 2\\CrudQueryBuilder\\vendor\\laravel\\framework\\src\\Illuminate\\Routing\\Route.php(260): Illuminate\\Routing\\ControllerDispatcher->dispatch(Object(Illuminate\\Routing\\Route), Object(App\\Http\\Controllers\\UsuariController), 'update')
#28 C:\\xampp\\htdocs\\exercicis MP07\\UF3\\MP07_S4_UF3_PRAC\\exercici 2\\CrudQueryBuilder\\vendor\\laravel\\framework\\src\\Illuminate\\Routing\\Route.php(205): Illuminate\\Routing\\Route->runController()
#29 C:\\xampp\\htdocs\\exercicis MP07\\UF3\\MP07_S4_UF3_PRAC\\exercici 2\\CrudQueryBuilder\\vendor\\laravel\\framework\\src\\Illuminate\\Routing\\Router.php(798): Illuminate\\Routing\\Route->run()
#30 C:\\xampp\\htdocs\\exercicis MP07\\UF3\\MP07_S4_UF3_PRAC\\exercici 2\\CrudQueryBuilder\\vendor\\laravel\\framework\\src\\Illuminate\\Pipeline\\Pipeline.php(141): Illuminate\\Routing\\Router->Illuminate\\Routing\\{closure}(Object(Illuminate\\Http\\Request))
#31 C:\\xampp\\htdocs\\exercicis MP07\\UF3\\MP07_S4_UF3_PRAC\\exercici 2\\CrudQueryBuilder\\vendor\\laravel\\framework\\src\\Illuminate\\Routing\\Middleware\\SubstituteBindings.php(50): Illuminate\\Pipeline\\Pipeline->Illuminate\\Pipeline\\{closure}(Object(Illuminate\\Http\\Request))
#32 C:\\xampp\\htdocs\\exercicis MP07\\UF3\\MP07_S4_UF3_PRAC\\exercici 2\\CrudQueryBuilder\\vendor\\laravel\\framework\\src\\Illuminate\\Pipeline\\Pipeline.php(180): Illuminate\\Routing\\Middleware\\SubstituteBindings->handle(Object(Illuminate\\Http\\Request), Object(Closure))
#33 C:\\xampp\\htdocs\\exercicis MP07\\UF3\\MP07_S4_UF3_PRAC\\exercici 2\\CrudQueryBuilder\\vendor\\laravel\\framework\\src\\Illuminate\\Foundation\\Http\\Middleware\\VerifyCsrfToken.php(78): Illuminate\\Pipeline\\Pipeline->Illuminate\\Pipeline\\{closure}(Object(Illuminate\\Http\\Request))
#34 C:\\xampp\\htdocs\\exercicis MP07\\UF3\\MP07_S4_UF3_PRAC\\exercici 2\\CrudQueryBuilder\\vendor\\laravel\\framework\\src\\Illuminate\\Pipeline\\Pipeline.php(180): Illuminate\\Foundation\\Http\\Middleware\\VerifyCsrfToken->handle(Object(Illuminate\\Http\\Request), Object(Closure))
#35 C:\\xampp\\htdocs\\exercicis MP07\\UF3\\MP07_S4_UF3_PRAC\\exercici 2\\CrudQueryBuilder\\vendor\\laravel\\framework\\src\\Illuminate\\View\\Middleware\\ShareErrorsFromSession.php(49): Illuminate\\Pipeline\\Pipeline->Illuminate\\Pipeline\\{closure}(Object(Illuminate\\Http\\Request))
#36 C:\\xampp\\htdocs\\exercicis MP07\\UF3\\MP07_S4_UF3_PRAC\\exercici 2\\CrudQueryBuilder\\vendor\\laravel\\framework\\src\\Illuminate\\Pipeline\\Pipeline.php(180): Illuminate\\View\\Middleware\\ShareErrorsFromSession->handle(Object(Illuminate\\Http\\Request), Object(Closure))
#37 C:\\xampp\\htdocs\\exercicis MP07\\UF3\\MP07_S4_UF3_PRAC\\exercici 2\\CrudQueryBuilder\\vendor\\laravel\\framework\\src\\Illuminate\\Session\\Middleware\\StartSession.php(121): Illuminate\\Pipeline\\Pipeline->Illuminate\\Pipeline\\{closure}(Object(Illuminate\\Http\\Request))
#38 C:\\xampp\\htdocs\\exercicis MP07\\UF3\\MP07_S4_UF3_PRAC\\exercici 2\\CrudQueryBuilder\\vendor\\laravel\\framework\\src\\Illuminate\\Session\\Middleware\\StartSession.php(64): Illuminate\\Session\\Middleware\\StartSession->handleStatefulRequest(Object(Illuminate\\Http\\Request), Object(Illuminate\\Session\\Store), Object(Closure))
#39 C:\\xampp\\htdocs\\exercicis MP07\\UF3\\MP07_S4_UF3_PRAC\\exercici 2\\CrudQueryBuilder\\vendor\\laravel\\framework\\src\\Illuminate\\Pipeline\\Pipeline.php(180): Illuminate\\Session\\Middleware\\StartSession->handle(Object(Illuminate\\Http\\Request), Object(Closure))
#40 C:\\xampp\\htdocs\\exercicis MP07\\UF3\\MP07_S4_UF3_PRAC\\exercici 2\\CrudQueryBuilder\\vendor\\laravel\\framework\\src\\Illuminate\\Cookie\\Middleware\\AddQueuedCookiesToResponse.php(37): Illuminate\\Pipeline\\Pipeline->Illuminate\\Pipeline\\{closure}(Object(Illuminate\\Http\\Request))
#41 C:\\xampp\\htdocs\\exercicis MP07\\UF3\\MP07_S4_UF3_PRAC\\exercici 2\\CrudQueryBuilder\\vendor\\laravel\\framework\\src\\Illuminate\\Pipeline\\Pipeline.php(180): Illuminate\\Cookie\\Middleware\\AddQueuedCookiesToResponse->handle(Object(Illuminate\\Http\\Request), Object(Closure))
#42 C:\\xampp\\htdocs\\exercicis MP07\\UF3\\MP07_S4_UF3_PRAC\\exercici 2\\CrudQueryBuilder\\vendor\\laravel\\framework\\src\\Illuminate\\Cookie\\Middleware\\EncryptCookies.php(67): Illuminate\\Pipeline\\Pipeline->Illuminate\\Pipeline\\{closure}(Object(Illuminate\\Http\\Request))
#43 C:\\xampp\\htdocs\\exercicis MP07\\UF3\\MP07_S4_UF3_PRAC\\exercici 2\\CrudQueryBuilder\\vendor\\laravel\\framework\\src\\Illuminate\\Pipeline\\Pipeline.php(180): Illuminate\\Cookie\\Middleware\\EncryptCookies->handle(Object(Illuminate\\Http\\Request), Object(Closure))
#44 C:\\xampp\\htdocs\\exercicis MP07\\UF3\\MP07_S4_UF3_PRAC\\exercici 2\\CrudQueryBuilder\\vendor\\laravel\\framework\\src\\Illuminate\\Pipeline\\Pipeline.php(116): Illuminate\\Pipeline\\Pipeline->Illuminate\\Pipeline\\{closure}(Object(Illuminate\\Http\\Request))
#45 C:\\xampp\\htdocs\\exercicis MP07\\UF3\\MP07_S4_UF3_PRAC\\exercici 2\\CrudQueryBuilder\\vendor\\laravel\\framework\\src\\Illuminate\\Routing\\Router.php(799): Illuminate\\Pipeline\\Pipeline->then(Object(Closure))
#46 C:\\xampp\\htdocs\\exercicis MP07\\UF3\\MP07_S4_UF3_PRAC\\exercici 2\\CrudQueryBuilder\\vendor\\laravel\\framework\\src\\Illuminate\\Routing\\Router.php(776): Illuminate\\Routing\\Router->runRouteWithinStack(Object(Illuminate\\Routing\\Route), Object(Illuminate\\Http\\Request))
#47 C:\\xampp\\htdocs\\exercicis MP07\\UF3\\MP07_S4_UF3_PRAC\\exercici 2\\CrudQueryBuilder\\vendor\\laravel\\framework\\src\\Illuminate\\Routing\\Router.php(740): Illuminate\\Routing\\Router->runRoute(Object(Illuminate\\Http\\Request), Object(Illuminate\\Routing\\Route))
#48 C:\\xampp\\htdocs\\exercicis MP07\\UF3\\MP07_S4_UF3_PRAC\\exercici 2\\CrudQueryBuilder\\vendor\\laravel\\framework\\src\\Illuminate\\Routing\\Router.php(729): Illuminate\\Routing\\Router->dispatchToRoute(Object(Illuminate\\Http\\Request))
#49 C:\\xampp\\htdocs\\exercicis MP07\\UF3\\MP07_S4_UF3_PRAC\\exercici 2\\CrudQueryBuilder\\vendor\\laravel\\framework\\src\\Illuminate\\Foundation\\Http\\Kernel.php(190): Illuminate\\Routing\\Router->dispatch(Object(Illuminate\\Http\\Request))
#50 C:\\xampp\\htdocs\\exercicis MP07\\UF3\\MP07_S4_UF3_PRAC\\exercici 2\\CrudQueryBuilder\\vendor\\laravel\\framework\\src\\Illuminate\\Pipeline\\Pipeline.php(141): Illuminate\\Foundation\\Http\\Kernel->Illuminate\\Foundation\\Http\\{closure}(Object(Illuminate\\Http\\Request))
#51 C:\\xampp\\htdocs\\exercicis MP07\\UF3\\MP07_S4_UF3_PRAC\\exercici 2\\CrudQueryBuilder\\vendor\\laravel\\framework\\src\\Illuminate\\Foundation\\Http\\Middleware\\TransformsRequest.php(21): Illuminate\\Pipeline\\Pipeline->Illuminate\\Pipeline\\{closure}(Object(Illuminate\\Http\\Request))
#52 C:\\xampp\\htdocs\\exercicis MP07\\UF3\\MP07_S4_UF3_PRAC\\exercici 2\\CrudQueryBuilder\\vendor\\laravel\\framework\\src\\Illuminate\\Foundation\\Http\\Middleware\\ConvertEmptyStringsToNull.php(31): Illuminate\\Foundation\\Http\\Middleware\\TransformsRequest->handle(Object(Illuminate\\Http\\Request), Object(Closure))
#53 C:\\xampp\\htdocs\\exercicis MP07\\UF3\\MP07_S4_UF3_PRAC\\exercici 2\\CrudQueryBuilder\\vendor\\laravel\\framework\\src\\Illuminate\\Pipeline\\Pipeline.php(180): Illuminate\\Foundation\\Http\\Middleware\\ConvertEmptyStringsToNull->handle(Object(Illuminate\\Http\\Request), Object(Closure))
#54 C:\\xampp\\htdocs\\exercicis MP07\\UF3\\MP07_S4_UF3_PRAC\\exercici 2\\CrudQueryBuilder\\vendor\\laravel\\framework\\src\\Illuminate\\Foundation\\Http\\Middleware\\TransformsRequest.php(21): Illuminate\\Pipeline\\Pipeline->Illuminate\\Pipeline\\{closure}(Object(Illuminate\\Http\\Request))
#55 C:\\xampp\\htdocs\\exercicis MP07\\UF3\\MP07_S4_UF3_PRAC\\exercici 2\\CrudQueryBuilder\\vendor\\laravel\\framework\\src\\Illuminate\\Foundation\\Http\\Middleware\\TrimStrings.php(40): Illuminate\\Foundation\\Http\\Middleware\\TransformsRequest->handle(Object(Illuminate\\Http\\Request), Object(Closure))
#56 C:\\xampp\\htdocs\\exercicis MP07\\UF3\\MP07_S4_UF3_PRAC\\exercici 2\\CrudQueryBuilder\\vendor\\laravel\\framework\\src\\Illuminate\\Pipeline\\Pipeline.php(180): Illuminate\\Foundation\\Http\\Middleware\\TrimStrings->handle(Object(Illuminate\\Http\\Request), Object(Closure))
#57 C:\\xampp\\htdocs\\exercicis MP07\\UF3\\MP07_S4_UF3_PRAC\\exercici 2\\CrudQueryBuilder\\vendor\\laravel\\framework\\src\\Illuminate\\Foundation\\Http\\Middleware\\ValidatePostSize.php(27): Illuminate\\Pipeline\\Pipeline->Illuminate\\Pipeline\\{closure}(Object(Illuminate\\Http\\Request))
#58 C:\\xampp\\htdocs\\exercicis MP07\\UF3\\MP07_S4_UF3_PRAC\\exercici 2\\CrudQueryBuilder\\vendor\\laravel\\framework\\src\\Illuminate\\Pipeline\\Pipeline.php(180): Illuminate\\Foundation\\Http\\Middleware\\ValidatePostSize->handle(Object(Illuminate\\Http\\Request), Object(Closure))
#59 C:\\xampp\\htdocs\\exercicis MP07\\UF3\\MP07_S4_UF3_PRAC\\exercici 2\\CrudQueryBuilder\\vendor\\laravel\\framework\\src\\Illuminate\\Foundation\\Http\\Middleware\\PreventRequestsDuringMaintenance.php(86): Illuminate\\Pipeline\\Pipeline->Illuminate\\Pipeline\\{closure}(Object(Illuminate\\Http\\Request))
#60 C:\\xampp\\htdocs\\exercicis MP07\\UF3\\MP07_S4_UF3_PRAC\\exercici 2\\CrudQueryBuilder\\vendor\\laravel\\framework\\src\\Illuminate\\Pipeline\\Pipeline.php(180): Illuminate\\Foundation\\Http\\Middleware\\PreventRequestsDuringMaintenance->handle(Object(Illuminate\\Http\\Request), Object(Closure))
#61 C:\\xampp\\htdocs\\exercicis MP07\\UF3\\MP07_S4_UF3_PRAC\\exercici 2\\CrudQueryBuilder\\vendor\\laravel\\framework\\src\\Illuminate\\Http\\Middleware\\HandleCors.php(49): Illuminate\\Pipeline\\Pipeline->Illuminate\\Pipeline\\{closure}(Object(Illuminate\\Http\\Request))
#62 C:\\xampp\\htdocs\\exercicis MP07\\UF3\\MP07_S4_UF3_PRAC\\exercici 2\\CrudQueryBuilder\\vendor\\laravel\\framework\\src\\Illuminate\\Pipeline\\Pipeline.php(180): Illuminate\\Http\\Middleware\\HandleCors->handle(Object(Illuminate\\Http\\Request), Object(Closure))
#63 C:\\xampp\\htdocs\\exercicis MP07\\UF3\\MP07_S4_UF3_PRAC\\exercici 2\\CrudQueryBuilder\\vendor\\laravel\\framework\\src\\Illuminate\\Http\\Middleware\\TrustProxies.php(39): Illuminate\\Pipeline\\Pipeline->Illuminate\\Pipeline\\{closure}(Object(Illuminate\\Http\\Request))
#64 C:\\xampp\\htdocs\\exercicis MP07\\UF3\\MP07_S4_UF3_PRAC\\exercici 2\\CrudQueryBuilder\\vendor\\laravel\\framework\\src\\Illuminate\\Pipeline\\Pipeline.php(180): Illuminate\\Http\\Middleware\\TrustProxies->handle(Object(Illuminate\\Http\\Request), Object(Closure))
#65 C:\\xampp\\htdocs\\exercicis MP07\\UF3\\MP07_S4_UF3_PRAC\\exercici 2\\CrudQueryBuilder\\vendor\\laravel\\framework\\src\\Illuminate\\Pipeline\\Pipeline.php(116): Illuminate\\Pipeline\\Pipeline->Illuminate\\Pipeline\\{closure}(Object(Illuminate\\Http\\Request))
#66 C:\\xampp\\htdocs\\exercicis MP07\\UF3\\MP07_S4_UF3_PRAC\\exercici 2\\CrudQueryBuilder\\vendor\\laravel\\framework\\src\\Illuminate\\Foundation\\Http\\Kernel.php(165): Illuminate\\Pipeline\\Pipeline->then(Object(Closure))
#67 C:\\xampp\\htdocs\\exercicis MP07\\UF3\\MP07_S4_UF3_PRAC\\exercici 2\\CrudQueryBuilder\\vendor\\laravel\\framework\\src\\Illuminate\\Foundation\\Http\\Kernel.php(134): Illuminate\\Foundation\\Http\\Kernel->sendRequestThroughRouter(Object(Illuminate\\Http\\Request))
#68 C:\\xampp\\htdocs\\exercicis MP07\\UF3\\MP07_S4_UF3_PRAC\\exercici 2\\CrudQueryBuilder\\public\\index.php(52): Illuminate\\Foundation\\Http\\Kernel->handle(Object(Illuminate\\Http\\Request))
#69 C:\\xampp\\htdocs\\exercicis MP07\\UF3\\MP07_S4_UF3_PRAC\\exercici 2\\CrudQueryBuilder\\vendor\\laravel\\framework\\src\\Illuminate\\Foundation\\resources\\server.php(16): require_once('C:\\\\xampp\\\\htdocs...')
#70 {main}

[previous exception] [object] (PDOException(code: 42S22): SQLSTATE[42S22]: Column not found: 1054 Unknown column 'email1' in 'where clause' at C:\\xampp\\htdocs\\exercicis MP07\\UF3\\MP07_S4_UF3_PRAC\\exercici 2\\CrudQueryBuilder\\vendor\\laravel\\framework\\src\\Illuminate\\Database\\Connection.php:414)
[stacktrace]
#0 C:\\xampp\\htdocs\\exercicis MP07\\UF3\\MP07_S4_UF3_PRAC\\exercici 2\\CrudQueryBuilder\\vendor\\laravel\\framework\\src\\Illuminate\\Database\\Connection.php(414): PDO->prepare('select count(*)...')
#1 C:\\xampp\\htdocs\\exercicis MP07\\UF3\\MP07_S4_UF3_PRAC\\exercici 2\\CrudQueryBuilder\\vendor\\laravel\\framework\\src\\Illuminate\\Database\\Connection.php(753): Illuminate\\Database\\Connection->Illuminate\\Database\\{closure}('select count(*)...', Array)
#2 C:\\xampp\\htdocs\\exercicis MP07\\UF3\\MP07_S4_UF3_PRAC\\exercici 2\\CrudQueryBuilder\\vendor\\laravel\\framework\\src\\Illuminate\\Database\\Connection.php(720): Illuminate\\Database\\Connection->runQueryCallback('select count(*)...', Array, Object(Closure))
#3 C:\\xampp\\htdocs\\exercicis MP07\\UF3\\MP07_S4_UF3_PRAC\\exercici 2\\CrudQueryBuilder\\vendor\\laravel\\framework\\src\\Illuminate\\Database\\Connection.php(422): Illuminate\\Database\\Connection->run('select count(*)...', Array, Object(Closure))
#4 C:\\xampp\\htdocs\\exercicis MP07\\UF3\\MP07_S4_UF3_PRAC\\exercici 2\\CrudQueryBuilder\\vendor\\laravel\\framework\\src\\Illuminate\\Database\\Query\\Builder.php(2706): Illuminate\\Database\\Connection->select('select count(*)...', Array, false)
#5 C:\\xampp\\htdocs\\exercicis MP07\\UF3\\MP07_S4_UF3_PRAC\\exercici 2\\CrudQueryBuilder\\vendor\\laravel\\framework\\src\\Illuminate\\Database\\Query\\Builder.php(2694): Illuminate\\Database\\Query\\Builder->runSelect()
#6 C:\\xampp\\htdocs\\exercicis MP07\\UF3\\MP07_S4_UF3_PRAC\\exercici 2\\CrudQueryBuilder\\vendor\\laravel\\framework\\src\\Illuminate\\Database\\Query\\Builder.php(3230): Illuminate\\Database\\Query\\Builder->Illuminate\\Database\\Query\\{closure}()
#7 C:\\xampp\\htdocs\\exercicis MP07\\UF3\\MP07_S4_UF3_PRAC\\exercici 2\\CrudQueryBuilder\\vendor\\laravel\\framework\\src\\Illuminate\\Database\\Query\\Builder.php(2695): Illuminate\\Database\\Query\\Builder->onceWithColumns(Array, Object(Closure))
#8 C:\\xampp\\htdocs\\exercicis MP07\\UF3\\MP07_S4_UF3_PRAC\\exercici 2\\CrudQueryBuilder\\vendor\\laravel\\framework\\src\\Illuminate\\Database\\Query\\Builder.php(3157): Illuminate\\Database\\Query\\Builder->get(Array)
#9 C:\\xampp\\htdocs\\exercicis MP07\\UF3\\MP07_S4_UF3_PRAC\\exercici 2\\CrudQueryBuilder\\vendor\\laravel\\framework\\src\\Illuminate\\Database\\Query\\Builder.php(3085): Illuminate\\Database\\Query\\Builder->aggregate('count', Array)
#10 C:\\xampp\\htdocs\\exercicis MP07\\UF3\\MP07_S4_UF3_PRAC\\exercici 2\\CrudQueryBuilder\\vendor\\laravel\\framework\\src\\Illuminate\\Validation\\DatabasePresenceVerifier.php(54): Illuminate\\Database\\Query\\Builder->count()
#11 C:\\xampp\\htdocs\\exercicis MP07\\UF3\\MP07_S4_UF3_PRAC\\exercici 2\\CrudQueryBuilder\\vendor\\laravel\\framework\\src\\Illuminate\\Validation\\Concerns\\ValidatesAttributes.php(928): Illuminate\\Validation\\DatabasePresenceVerifier->getCount('usuaris', 'email1', 'j@gmail.com', NULL, NULL, Array)
#12 C:\\xampp\\htdocs\\exercicis MP07\\UF3\\MP07_S4_UF3_PRAC\\exercici 2\\CrudQueryBuilder\\vendor\\laravel\\framework\\src\\Illuminate\\Validation\\Validator.php(616): Illuminate\\Validation\\Validator->validateUnique('email', 'j@gmail.com', Array, Object(Illuminate\\Validation\\Validator))
#13 C:\\xampp\\htdocs\\exercicis MP07\\UF3\\MP07_S4_UF3_PRAC\\exercici 2\\CrudQueryBuilder\\vendor\\laravel\\framework\\src\\Illuminate\\Validation\\Validator.php(422): Illuminate\\Validation\\Validator->validateAttribute('email', 'Unique')
#14 C:\\xampp\\htdocs\\exercicis MP07\\UF3\\MP07_S4_UF3_PRAC\\exercici 2\\CrudQueryBuilder\\vendor\\laravel\\framework\\src\\Illuminate\\Validation\\Validator.php(453): Illuminate\\Validation\\Validator->passes()
#15 C:\\xampp\\htdocs\\exercicis MP07\\UF3\\MP07_S4_UF3_PRAC\\exercici 2\\CrudQueryBuilder\\vendor\\laravel\\framework\\src\\Illuminate\\Validation\\ValidatesWhenResolvedTrait.php(31): Illuminate\\Validation\\Validator->fails()
#16 C:\\xampp\\htdocs\\exercicis MP07\\UF3\\MP07_S4_UF3_PRAC\\exercici 2\\CrudQueryBuilder\\vendor\\laravel\\framework\\src\\Illuminate\\Foundation\\Providers\\FormRequestServiceProvider.php(30): Illuminate\\Foundation\\Http\\FormRequest->validateResolved()
#17 C:\\xampp\\htdocs\\exercicis MP07\\UF3\\MP07_S4_UF3_PRAC\\exercici 2\\CrudQueryBuilder\\vendor\\laravel\\framework\\src\\Illuminate\\Container\\Container.php(1279): Illuminate\\Foundation\\Providers\\FormRequestServiceProvider->Illuminate\\Foundation\\Providers\\{closure}(Object(App\\Http\\Requests\\UpdateUsuariRequest), Object(Illuminate\\Foundation\\Application))
#18 C:\\xampp\\htdocs\\exercicis MP07\\UF3\\MP07_S4_UF3_PRAC\\exercici 2\\CrudQueryBuilder\\vendor\\laravel\\framework\\src\\Illuminate\\Container\\Container.php(1244): Illuminate\\Container\\Container->fireCallbackArray(Object(App\\Http\\Requests\\UpdateUsuariRequest), Array)
#19 C:\\xampp\\htdocs\\exercicis MP07\\UF3\\MP07_S4_UF3_PRAC\\exercici 2\\CrudQueryBuilder\\vendor\\laravel\\framework\\src\\Illuminate\\Container\\Container.php(1229): Illuminate\\Container\\Container->fireAfterResolvingCallbacks('App\\\\Http\\\\Reques...', Object(App\\Http\\Requests\\UpdateUsuariRequest))
#20 C:\\xampp\\htdocs\\exercicis MP07\\UF3\\MP07_S4_UF3_PRAC\\exercici 2\\CrudQueryBuilder\\vendor\\laravel\\framework\\src\\Illuminate\\Container\\Container.php(790): Illuminate\\Container\\Container->fireResolvingCallbacks('App\\\\Http\\\\Reques...', Object(App\\Http\\Requests\\UpdateUsuariRequest))
#21 C:\\xampp\\htdocs\\exercicis MP07\\UF3\\MP07_S4_UF3_PRAC\\exercici 2\\CrudQueryBuilder\\vendor\\laravel\\framework\\src\\Illuminate\\Foundation\\Application.php(881): Illuminate\\Container\\Container->resolve('App\\\\Http\\\\Reques...', Array, true)
#22 C:\\xampp\\htdocs\\exercicis MP07\\UF3\\MP07_S4_UF3_PRAC\\exercici 2\\CrudQueryBuilder\\vendor\\laravel\\framework\\src\\Illuminate\\Container\\Container.php(706): Illuminate\\Foundation\\Application->resolve('App\\\\Http\\\\Reques...', Array)
#23 C:\\xampp\\htdocs\\exercicis MP07\\UF3\\MP07_S4_UF3_PRAC\\exercici 2\\CrudQueryBuilder\\vendor\\laravel\\framework\\src\\Illuminate\\Foundation\\Application.php(866): Illuminate\\Container\\Container->make('App\\\\Http\\\\Reques...', Array)
#24 C:\\xampp\\htdocs\\exercicis MP07\\UF3\\MP07_S4_UF3_PRAC\\exercici 2\\CrudQueryBuilder\\vendor\\laravel\\framework\\src\\Illuminate\\Routing\\RouteDependencyResolverTrait.php(85): Illuminate\\Foundation\\Application->make('App\\\\Http\\\\Reques...')
#25 C:\\xampp\\htdocs\\exercicis MP07\\UF3\\MP07_S4_UF3_PRAC\\exercici 2\\CrudQueryBuilder\\vendor\\laravel\\framework\\src\\Illuminate\\Routing\\RouteDependencyResolverTrait.php(50): Illuminate\\Routing\\ControllerDispatcher->transformDependency(Object(ReflectionParameter), Array, Object(stdClass))
#26 C:\\xampp\\htdocs\\exercicis MP07\\UF3\\MP07_S4_UF3_PRAC\\exercici 2\\CrudQueryBuilder\\vendor\\laravel\\framework\\src\\Illuminate\\Routing\\RouteDependencyResolverTrait.php(30): Illuminate\\Routing\\ControllerDispatcher->resolveMethodDependencies(Array, Object(ReflectionMethod))
#27 C:\\xampp\\htdocs\\exercicis MP07\\UF3\\MP07_S4_UF3_PRAC\\exercici 2\\CrudQueryBuilder\\vendor\\laravel\\framework\\src\\Illuminate\\Routing\\ControllerDispatcher.php(60): Illuminate\\Routing\\ControllerDispatcher->resolveClassMethodDependencies(Array, Object(App\\Http\\Controllers\\UsuariController), 'update')
#28 C:\\xampp\\htdocs\\exercicis MP07\\UF3\\MP07_S4_UF3_PRAC\\exercici 2\\CrudQueryBuilder\\vendor\\laravel\\framework\\src\\Illuminate\\Routing\\ControllerDispatcher.php(40): Illuminate\\Routing\\ControllerDispatcher->resolveParameters(Object(Illuminate\\Routing\\Route), Object(App\\Http\\Controllers\\UsuariController), 'update')
#29 C:\\xampp\\htdocs\\exercicis MP07\\UF3\\MP07_S4_UF3_PRAC\\exercici 2\\CrudQueryBuilder\\vendor\\laravel\\framework\\src\\Illuminate\\Routing\\Route.php(260): Illuminate\\Routing\\ControllerDispatcher->dispatch(Object(Illuminate\\Routing\\Route), Object(App\\Http\\Controllers\\UsuariController), 'update')
#30 C:\\xampp\\htdocs\\exercicis MP07\\UF3\\MP07_S4_UF3_PRAC\\exercici 2\\CrudQueryBuilder\\vendor\\laravel\\framework\\src\\Illuminate\\Routing\\Route.php(205): Illuminate\\Routing\\Route->runController()
#31 C:\\xampp\\htdocs\\exercicis MP07\\UF3\\MP07_S4_UF3_PRAC\\exercici 2\\CrudQueryBuilder\\vendor\\laravel\\framework\\src\\Illuminate\\Routing\\Router.php(798): Illuminate\\Routing\\Route->run()
#32 C:\\xampp\\htdocs\\exercicis MP07\\UF3\\MP07_S4_UF3_PRAC\\exercici 2\\CrudQueryBuilder\\vendor\\laravel\\framework\\src\\Illuminate\\Pipeline\\Pipeline.php(141): Illuminate\\Routing\\Router->Illuminate\\Routing\\{closure}(Object(Illuminate\\Http\\Request))
#33 C:\\xampp\\htdocs\\exercicis MP07\\UF3\\MP07_S4_UF3_PRAC\\exercici 2\\CrudQueryBuilder\\vendor\\laravel\\framework\\src\\Illuminate\\Routing\\Middleware\\SubstituteBindings.php(50): Illuminate\\Pipeline\\Pipeline->Illuminate\\Pipeline\\{closure}(Object(Illuminate\\Http\\Request))
#34 C:\\xampp\\htdocs\\exercicis MP07\\UF3\\MP07_S4_UF3_PRAC\\exercici 2\\CrudQueryBuilder\\vendor\\laravel\\framework\\src\\Illuminate\\Pipeline\\Pipeline.php(180): Illuminate\\Routing\\Middleware\\SubstituteBindings->handle(Object(Illuminate\\Http\\Request), Object(Closure))
#35 C:\\xampp\\htdocs\\exercicis MP07\\UF3\\MP07_S4_UF3_PRAC\\exercici 2\\CrudQueryBuilder\\vendor\\laravel\\framework\\src\\Illuminate\\Foundation\\Http\\Middleware\\VerifyCsrfToken.php(78): Illuminate\\Pipeline\\Pipeline->Illuminate\\Pipeline\\{closure}(Object(Illuminate\\Http\\Request))
#36 C:\\xampp\\htdocs\\exercicis MP07\\UF3\\MP07_S4_UF3_PRAC\\exercici 2\\CrudQueryBuilder\\vendor\\laravel\\framework\\src\\Illuminate\\Pipeline\\Pipeline.php(180): Illuminate\\Foundation\\Http\\Middleware\\VerifyCsrfToken->handle(Object(Illuminate\\Http\\Request), Object(Closure))
#37 C:\\xampp\\htdocs\\exercicis MP07\\UF3\\MP07_S4_UF3_PRAC\\exercici 2\\CrudQueryBuilder\\vendor\\laravel\\framework\\src\\Illuminate\\View\\Middleware\\ShareErrorsFromSession.php(49): Illuminate\\Pipeline\\Pipeline->Illuminate\\Pipeline\\{closure}(Object(Illuminate\\Http\\Request))
#38 C:\\xampp\\htdocs\\exercicis MP07\\UF3\\MP07_S4_UF3_PRAC\\exercici 2\\CrudQueryBuilder\\vendor\\laravel\\framework\\src\\Illuminate\\Pipeline\\Pipeline.php(180): Illuminate\\View\\Middleware\\ShareErrorsFromSession->handle(Object(Illuminate\\Http\\Request), Object(Closure))
#39 C:\\xampp\\htdocs\\exercicis MP07\\UF3\\MP07_S4_UF3_PRAC\\exercici 2\\CrudQueryBuilder\\vendor\\laravel\\framework\\src\\Illuminate\\Session\\Middleware\\StartSession.php(121): Illuminate\\Pipeline\\Pipeline->Illuminate\\Pipeline\\{closure}(Object(Illuminate\\Http\\Request))
#40 C:\\xampp\\htdocs\\exercicis MP07\\UF3\\MP07_S4_UF3_PRAC\\exercici 2\\CrudQueryBuilder\\vendor\\laravel\\framework\\src\\Illuminate\\Session\\Middleware\\StartSession.php(64): Illuminate\\Session\\Middleware\\StartSession->handleStatefulRequest(Object(Illuminate\\Http\\Request), Object(Illuminate\\Session\\Store), Object(Closure))
#41 C:\\xampp\\htdocs\\exercicis MP07\\UF3\\MP07_S4_UF3_PRAC\\exercici 2\\CrudQueryBuilder\\vendor\\laravel\\framework\\src\\Illuminate\\Pipeline\\Pipeline.php(180): Illuminate\\Session\\Middleware\\StartSession->handle(Object(Illuminate\\Http\\Request), Object(Closure))
#42 C:\\xampp\\htdocs\\exercicis MP07\\UF3\\MP07_S4_UF3_PRAC\\exercici 2\\CrudQueryBuilder\\vendor\\laravel\\framework\\src\\Illuminate\\Cookie\\Middleware\\AddQueuedCookiesToResponse.php(37): Illuminate\\Pipeline\\Pipeline->Illuminate\\Pipeline\\{closure}(Object(Illuminate\\Http\\Request))
#43 C:\\xampp\\htdocs\\exercicis MP07\\UF3\\MP07_S4_UF3_PRAC\\exercici 2\\CrudQueryBuilder\\vendor\\laravel\\framework\\src\\Illuminate\\Pipeline\\Pipeline.php(180): Illuminate\\Cookie\\Middleware\\AddQueuedCookiesToResponse->handle(Object(Illuminate\\Http\\Request), Object(Closure))
#44 C:\\xampp\\htdocs\\exercicis MP07\\UF3\\MP07_S4_UF3_PRAC\\exercici 2\\CrudQueryBuilder\\vendor\\laravel\\framework\\src\\Illuminate\\Cookie\\Middleware\\EncryptCookies.php(67): Illuminate\\Pipeline\\Pipeline->Illuminate\\Pipeline\\{closure}(Object(Illuminate\\Http\\Request))
#45 C:\\xampp\\htdocs\\exercicis MP07\\UF3\\MP07_S4_UF3_PRAC\\exercici 2\\CrudQueryBuilder\\vendor\\laravel\\framework\\src\\Illuminate\\Pipeline\\Pipeline.php(180): Illuminate\\Cookie\\Middleware\\EncryptCookies->handle(Object(Illuminate\\Http\\Request), Object(Closure))
#46 C:\\xampp\\htdocs\\exercicis MP07\\UF3\\MP07_S4_UF3_PRAC\\exercici 2\\CrudQueryBuilder\\vendor\\laravel\\framework\\src\\Illuminate\\Pipeline\\Pipeline.php(116): Illuminate\\Pipeline\\Pipeline->Illuminate\\Pipeline\\{closure}(Object(Illuminate\\Http\\Request))
#47 C:\\xampp\\htdocs\\exercicis MP07\\UF3\\MP07_S4_UF3_PRAC\\exercici 2\\CrudQueryBuilder\\vendor\\laravel\\framework\\src\\Illuminate\\Routing\\Router.php(799): Illuminate\\Pipeline\\Pipeline->then(Object(Closure))
#48 C:\\xampp\\htdocs\\exercicis MP07\\UF3\\MP07_S4_UF3_PRAC\\exercici 2\\CrudQueryBuilder\\vendor\\laravel\\framework\\src\\Illuminate\\Routing\\Router.php(776): Illuminate\\Routing\\Router->runRouteWithinStack(Object(Illuminate\\Routing\\Route), Object(Illuminate\\Http\\Request))
#49 C:\\xampp\\htdocs\\exercicis MP07\\UF3\\MP07_S4_UF3_PRAC\\exercici 2\\CrudQueryBuilder\\vendor\\laravel\\framework\\src\\Illuminate\\Routing\\Router.php(740): Illuminate\\Routing\\Router->runRoute(Object(Illuminate\\Http\\Request), Object(Illuminate\\Routing\\Route))
#50 C:\\xampp\\htdocs\\exercicis MP07\\UF3\\MP07_S4_UF3_PRAC\\exercici 2\\CrudQueryBuilder\\vendor\\laravel\\framework\\src\\Illuminate\\Routing\\Router.php(729): Illuminate\\Routing\\Router->dispatchToRoute(Object(Illuminate\\Http\\Request))
#51 C:\\xampp\\htdocs\\exercicis MP07\\UF3\\MP07_S4_UF3_PRAC\\exercici 2\\CrudQueryBuilder\\vendor\\laravel\\framework\\src\\Illuminate\\Foundation\\Http\\Kernel.php(190): Illuminate\\Routing\\Router->dispatch(Object(Illuminate\\Http\\Request))
#52 C:\\xampp\\htdocs\\exercicis MP07\\UF3\\MP07_S4_UF3_PRAC\\exercici 2\\CrudQueryBuilder\\vendor\\laravel\\framework\\src\\Illuminate\\Pipeline\\Pipeline.php(141): Illuminate\\Foundation\\Http\\Kernel->Illuminate\\Foundation\\Http\\{closure}(Object(Illuminate\\Http\\Request))
#53 C:\\xampp\\htdocs\\exercicis MP07\\UF3\\MP07_S4_UF3_PRAC\\exercici 2\\CrudQueryBuilder\\vendor\\laravel\\framework\\src\\Illuminate\\Foundation\\Http\\Middleware\\TransformsRequest.php(21): Illuminate\\Pipeline\\Pipeline->Illuminate\\Pipeline\\{closure}(Object(Illuminate\\Http\\Request))
#54 C:\\xampp\\htdocs\\exercicis MP07\\UF3\\MP07_S4_UF3_PRAC\\exercici 2\\CrudQueryBuilder\\vendor\\laravel\\framework\\src\\Illuminate\\Foundation\\Http\\Middleware\\ConvertEmptyStringsToNull.php(31): Illuminate\\Foundation\\Http\\Middleware\\TransformsRequest->handle(Object(Illuminate\\Http\\Request), Object(Closure))
#55 C:\\xampp\\htdocs\\exercicis MP07\\UF3\\MP07_S4_UF3_PRAC\\exercici 2\\CrudQueryBuilder\\vendor\\laravel\\framework\\src\\Illuminate\\Pipeline\\Pipeline.php(180): Illuminate\\Foundation\\Http\\Middleware\\ConvertEmptyStringsToNull->handle(Object(Illuminate\\Http\\Request), Object(Closure))
#56 C:\\xampp\\htdocs\\exercicis MP07\\UF3\\MP07_S4_UF3_PRAC\\exercici 2\\CrudQueryBuilder\\vendor\\laravel\\framework\\src\\Illuminate\\Foundation\\Http\\Middleware\\TransformsRequest.php(21): Illuminate\\Pipeline\\Pipeline->Illuminate\\Pipeline\\{closure}(Object(Illuminate\\Http\\Request))
#57 C:\\xampp\\htdocs\\exercicis MP07\\UF3\\MP07_S4_UF3_PRAC\\exercici 2\\CrudQueryBuilder\\vendor\\laravel\\framework\\src\\Illuminate\\Foundation\\Http\\Middleware\\TrimStrings.php(40): Illuminate\\Foundation\\Http\\Middleware\\TransformsRequest->handle(Object(Illuminate\\Http\\Request), Object(Closure))
#58 C:\\xampp\\htdocs\\exercicis MP07\\UF3\\MP07_S4_UF3_PRAC\\exercici 2\\CrudQueryBuilder\\vendor\\laravel\\framework\\src\\Illuminate\\Pipeline\\Pipeline.php(180): Illuminate\\Foundation\\Http\\Middleware\\TrimStrings->handle(Object(Illuminate\\Http\\Request), Object(Closure))
#59 C:\\xampp\\htdocs\\exercicis MP07\\UF3\\MP07_S4_UF3_PRAC\\exercici 2\\CrudQueryBuilder\\vendor\\laravel\\framework\\src\\Illuminate\\Foundation\\Http\\Middleware\\ValidatePostSize.php(27): Illuminate\\Pipeline\\Pipeline->Illuminate\\Pipeline\\{closure}(Object(Illuminate\\Http\\Request))
#60 C:\\xampp\\htdocs\\exercicis MP07\\UF3\\MP07_S4_UF3_PRAC\\exercici 2\\CrudQueryBuilder\\vendor\\laravel\\framework\\src\\Illuminate\\Pipeline\\Pipeline.php(180): Illuminate\\Foundation\\Http\\Middleware\\ValidatePostSize->handle(Object(Illuminate\\Http\\Request), Object(Closure))
#61 C:\\xampp\\htdocs\\exercicis MP07\\UF3\\MP07_S4_UF3_PRAC\\exercici 2\\CrudQueryBuilder\\vendor\\laravel\\framework\\src\\Illuminate\\Foundation\\Http\\Middleware\\PreventRequestsDuringMaintenance.php(86): Illuminate\\Pipeline\\Pipeline->Illuminate\\Pipeline\\{closure}(Object(Illuminate\\Http\\Request))
#62 C:\\xampp\\htdocs\\exercicis MP07\\UF3\\MP07_S4_UF3_PRAC\\exercici 2\\CrudQueryBuilder\\vendor\\laravel\\framework\\src\\Illuminate\\Pipeline\\Pipeline.php(180): Illuminate\\Foundation\\Http\\Middleware\\PreventRequestsDuringMaintenance->handle(Object(Illuminate\\Http\\Request), Object(Closure))
#63 C:\\xampp\\htdocs\\exercicis MP07\\UF3\\MP07_S4_UF3_PRAC\\exercici 2\\CrudQueryBuilder\\vendor\\laravel\\framework\\src\\Illuminate\\Http\\Middleware\\HandleCors.php(49): Illuminate\\Pipeline\\Pipeline->Illuminate\\Pipeline\\{closure}(Object(Illuminate\\Http\\Request))
#64 C:\\xampp\\htdocs\\exercicis MP07\\UF3\\MP07_S4_UF3_PRAC\\exercici 2\\CrudQueryBuilder\\vendor\\laravel\\framework\\src\\Illuminate\\Pipeline\\Pipeline.php(180): Illuminate\\Http\\Middleware\\HandleCors->handle(Object(Illuminate\\Http\\Request), Object(Closure))
#65 C:\\xampp\\htdocs\\exercicis MP07\\UF3\\MP07_S4_UF3_PRAC\\exercici 2\\CrudQueryBuilder\\vendor\\laravel\\framework\\src\\Illuminate\\Http\\Middleware\\TrustProxies.php(39): Illuminate\\Pipeline\\Pipeline->Illuminate\\Pipeline\\{closure}(Object(Illuminate\\Http\\Request))
#66 C:\\xampp\\htdocs\\exercicis MP07\\UF3\\MP07_S4_UF3_PRAC\\exercici 2\\CrudQueryBuilder\\vendor\\laravel\\framework\\src\\Illuminate\\Pipeline\\Pipeline.php(180): Illuminate\\Http\\Middleware\\TrustProxies->handle(Object(Illuminate\\Http\\Request), Object(Closure))
#67 C:\\xampp\\htdocs\\exercicis MP07\\UF3\\MP07_S4_UF3_PRAC\\exercici 2\\CrudQueryBuilder\\vendor\\laravel\\framework\\src\\Illuminate\\Pipeline\\Pipeline.php(116): Illuminate\\Pipeline\\Pipeline->Illuminate\\Pipeline\\{closure}(Object(Illuminate\\Http\\Request))
#68 C:\\xampp\\htdocs\\exercicis MP07\\UF3\\MP07_S4_UF3_PRAC\\exercici 2\\CrudQueryBuilder\\vendor\\laravel\\framework\\src\\Illuminate\\Foundation\\Http\\Kernel.php(165): Illuminate\\Pipeline\\Pipeline->then(Object(Closure))
#69 C:\\xampp\\htdocs\\exercicis MP07\\UF3\\MP07_S4_UF3_PRAC\\exercici 2\\CrudQueryBuilder\\vendor\\laravel\\framework\\src\\Illuminate\\Foundation\\Http\\Kernel.php(134): Illuminate\\Foundation\\Http\\Kernel->sendRequestThroughRouter(Object(Illuminate\\Http\\Request))
#70 C:\\xampp\\htdocs\\exercicis MP07\\UF3\\MP07_S4_UF3_PRAC\\exercici 2\\CrudQueryBuilder\\public\\index.php(52): Illuminate\\Foundation\\Http\\Kernel->handle(Object(Illuminate\\Http\\Request))
#71 C:\\xampp\\htdocs\\exercicis MP07\\UF3\\MP07_S4_UF3_PRAC\\exercici 2\\CrudQueryBuilder\\vendor\\laravel\\framework\\src\\Illuminate\\Foundation\\resources\\server.php(16): require_once('C:\\\\xampp\\\\htdocs...')
#72 {main}
"} 
